0,1,2,3,4,5,6,7,8,9,target
5.957316881244999,-2.194385018957431,-1.4502851603449654,-0.16714838477711289,-0.6949788461630848,-0.38336914415673334,1.4566183123427323,0.10351800252648836,0.5834594525958554,0.43953470994781607,0
7.93956328897086,0.09055709040655777,0.44120614923138074,-0.9300534212797927,-0.3752030548600994,0.3029109499961874,-0.49102062232919536,0.22282122308848876,0.3335140130388512,0.1593131846535242,0
6.970815496115596,-2.199521412844671,-0.032963745051557435,-2.34854206560003,0.8842564100556407,-0.28311904591280895,-0.10202040328067577,0.017020710400449144,0.5856961425233093,-0.3016483311626626,0
1.593908150517089,4.791936331923149,0.05713801001667381,-1.1664219470463264,-0.31618168932645146,0.3602192790804275,0.15293870490231865,-0.03441948098807781,0.30359971817316095,-0.04869095651556253,0
4.770630488443888,-0.3869297581626839,-0.9595524706149248,0.3579478836554321,-0.46762070655678517,-0.5021099015160945,0.35389157884949585,-0.14911479847765546,-0.027878801028118294,0.2616029065911032,0
2.431023675873158,2.0385525061752237,1.7626154447132008,-0.8344690198184073,-0.07925884764039214,0.003296851965303508,1.0129494189471833,0.7657347534629726,-0.03511535341177952,0.24227117045983237,0
2.1809647493429547,4.789338491673633,0.4009906704838686,0.16423039492773536,-0.4209102076798123,0.6238290422950135,-1.2018885657089813,0.23956697192402562,-0.00904706679212678,0.05144988328641548,0
1.5215166321720461,-1.0785449127863436,0.014806693761372884,1.4624911952308282,-0.8280879904095751,-0.043842016404325605,0.8612276730588869,0.262530259222714,0.256519273506846,0.29953133258573633,0
4.036359037370498,1.7862684448888742,0.08926890777720953,-0.48687000419609733,-0.9989017672216932,1.1007752470682235,0.880712797347207,-0.09542525911961883,-0.6513047960254861,0.1658195254028483,0
1.3951940752951169,-1.0589287237210778,0.11243544440954499,0.8636707971752191,0.26624198203374655,0.3071683693971799,-0.9491868434746764,0.2956570039371197,-0.061390189466434514,-0.07539781824227512,0
2.0779513534939418,-0.22900365338844775,0.5280212035606024,0.27253687975004476,-0.6490159525200209,-0.6477721709906007,0.2572446379852518,-0.5537466862778461,-0.0674117910575019,0.5409260303525351,0
5.200615667566764,2.8749771094150325,0.7743810303942371,-0.4630461130601717,-0.24939410525580813,-0.221348154307223,0.19549094238912365,0.5847596462135124,0.1918120595228632,0.19679942208061038,0
-0.449394292817902,0.18909336701498658,-0.8087452417115769,-0.785672583276242,-0.22900952111576822,-0.5211769434909005,-0.5904803460033221,-0.22241022999467705,-0.1471351299598363,0.20389488172283257,1
-1.1450987537614892,0.9763125388200541,-1.0090199436010998,-0.28923048362073317,-0.30321746238289854,0.3675517214632282,-0.16357601941507563,0.6330608943899326,-0.2832826323318783,-0.4082572469452286,1
-3.512433807956251,0.03722844299932766,0.2803439516300526,-1.5917884744810513,0.3220765525255807,-0.2773951619140194,-0.0833836281351073,-0.23277389195955764,0.11982950316615108,0.12549894484761442,1
8.084096515454268,0.17281136838030467,1.75977704151924,-0.9221626549095187,-1.4822490497563319,-0.8572841759364087,1.0225663541852656,-0.720093100374132,-0.24806275805419703,-0.1973662205572248,0
5.92151740631865,-2.355863897324895,1.6781869872247739,-1.097810945939394,0.574508682909007,-0.20804053966822786,0.20044085089948543,-0.2160485706463655,0.10247641741983023,-0.14123296689442433,0
4.783920487649129,3.328748952006388,0.5917709572768105,1.0632921025271576,-0.5305617812548725,0.6512378701837082,-0.34990787071199625,-0.3601960364102754,-0.8394587503602416,-0.23007690779242568,0
3.9450776980362106,-1.220855883902299,-0.05152646355965148,-1.5403419704393082,0.14200286052443795,0.355340860170282,0.1390853091538204,0.31654568426829055,-0.3095154678131827,0.3375693322800035,0
8.507785024162578,0.575110348250346,2.0977633035384318,-0.4639540386194401,0.12533834947479702,0.5157483451935053,-0.17467002407162377,-0.036065987061610794,0.6038203777723178,-0.5099851293514729,0
5.761591086383229,1.2631217853506567,0.9798252113629193,0.0500016684723121,0.09445065233243098,-0.30230289786806813,-1.270191560315143,-0.3493536514727043,0.6419443958362754,-0.29782113646311753,0
3.7837492788555918,3.5999877280640447,-1.11831812795221,0.035390123113745994,-1.0915778899309518,1.2813082786248904,0.7879072676849337,0.14180004545339903,0.2018755274354061,0.08377303850435462,0
1.532527988977076,2.526130047548678,0.003910711178090321,0.6951720712934898,-0.23629545982956318,0.6883902596859537,-0.07440839449977847,-0.45524328770517447,0.024746599373978006,-0.058716484142741235,0
-2.561963703011862,-1.811923073252128,-0.7964073958874729,0.5971242517660081,0.752249208909847,-0.1124804724940173,-0.2547422568092254,-0.02790298438143836,0.3762893759660057,0.2299720726573036,1
0.7914200760760904,3.066355603750451,-0.6213483058299644,0.4381715736224759,0.8649364403935459,-0.21073343539705403,0.46875469874299885,-0.4329564211496398,-0.23703778712456783,0.43986585013711765,0
-0.7548713591436328,-0.36049938221040195,-0.3759826286333948,1.3648010893708966,-0.5142232380674208,0.3614892172115423,-0.08480910102533029,-0.3217015092126784,-0.24982615656989485,0.23395606790391615,0
-0.6722586399976569,3.0148567414875016,0.9799104800323203,0.6755751791105072,0.39547490309088296,-1.4260538703496763,-0.3288488662395982,-0.3089961406760925,0.046026250137715906,0.04060719526787899,0
1.505986884922323,2.4400646726542288,0.3023162483951165,0.012987603597718615,-0.7226096490852403,0.2951058136220601,0.10633373142340127,0.21366977411912486,0.009382442433865214,0.09731473797380762,0
0.246892365541863,2.6384868733796565,-0.5089825956340576,1.0492648926826802,-0.6943600007091281,0.14975306700667496,-0.14377550892144292,-0.11991178323717865,-0.14731410949316015,0.24875499035549414,0
6.986038917317692,1.7132175301419121,-0.36425678028922426,-1.3396711844508182,-0.37717797752927373,0.26917510115179755,-0.45801896381670143,-0.604944240204407,-0.4028569185986679,-0.4743175811260674,0
-4.508974549119921,0.6248696428538525,0.5217599863624808,-0.28923899381201923,-0.6098749655992105,-0.008523852053100049,-0.4781952246112522,-0.14843900549905492,0.17907412814112533,-0.30229941271367244,1
1.2981258210395297,4.018694208245704,-0.0780267859492691,-0.13983221038755517,-0.6347681978115189,-0.24521929268404408,0.15795811654129222,-0.31217967319499423,0.3745844968439818,0.5321599833127895,0
-1.3581238006773673,0.8257722364605286,-0.2874450378747633,-0.7583279380209925,0.13383106297422426,-0.3761986783902945,0.04440621751582474,-0.33584694310181523,-0.051592475679067926,-0.5191591952164458,1
-0.6747635408807626,-0.19116112142837197,-0.1448935185207469,1.4112277884622284,-0.08056203399171129,0.052503494510888815,-0.543315993838172,-0.18186893364653917,-0.16012779129372726,0.3856571807394371,1
-2.0264744512626343,-1.5926741719643938,1.2001609035800693,0.2809638055176604,0.032650748198604904,0.16032906043446696,-0.0653726507730317,-0.016370589838598036,-0.06050497894494629,-0.04347926878470324,1
-1.6639662600827425,-0.6630492051251665,-1.060334148826064,0.3125126608378725,0.2865707410863984,0.1556416625980074,0.6047441189339161,0.08394389088319379,0.010615074417866634,0.335598604886885,1
-2.477434867825358,-0.661362949899468,-0.22547452599798834,0.0881972531840567,-0.3723576341129862,0.054670921696902464,-0.023925351135430095,-0.07493758726141914,0.2803904220802281,0.10210577676427858,1
5.914399896365057,-1.544088956610009,1.5120012794169129,-1.6978893159561703,0.0756097529986939,0.2796636218909927,-0.4483949592687395,0.583898295371776,0.8611397968145004,-0.25682996910794376,0
1.004995583405543,-0.2130996571540557,-0.35627995048233024,1.2585653242565509,-0.138094191918301,-0.625946442150863,0.3973656006407404,-0.32986547354619233,-0.2998602723284186,0.3251531815641161,0
-2.0609438029187004,-0.44929363386641175,0.5635966262572928,-0.2263172739946174,-1.0162767801743864,0.00638708900010052,-0.6097531402523251,-0.008239073091411779,0.21621497448036198,0.08893412197709352,1
7.994834168958004,-0.9250074396338027,0.4252202000262447,-0.9157312240652961,-1.4833469718430141,-0.6326921347876518,0.6860214260588775,-0.3439354966936347,-0.29010585058310956,-0.2040388256255751,0
2.6333522036039563,2.3517961531307936,0.4151345095467627,0.2677680260472,-0.41519954622833183,0.814431456981446,0.19873446530496214,0.24043081552253195,0.39372782864010164,0.5786701148267169,0
-1.740839775167103,-2.3903219098959467,0.5804565729242652,-0.04387617117256705,-0.30499661410705386,0.2282438934144334,0.2215262921403455,0.13952684944533533,-0.03986210754048115,-0.25510111600793794,1
-4.196340374982735,1.587434649208702,-0.02261192948882792,-1.5655877325818373,-0.9578904220600152,-1.1067453834492027,0.16109469268897922,-0.24269085255813516,0.35898337961414456,-0.33165059121896656,1
-3.181686216266909,0.9358636144166692,2.125023898785986,-0.2652074169697042,-0.3563698481152547,-0.7298973511630998,-0.3415900170846511,0.21103939805917654,-0.3226131655367168,-0.5542428794183021,1
1.8725487984713063,2.8322270388226944,1.3586418027126081,0.4235203346489715,-0.2760853661016249,-0.7338121643962887,0.22001327115034858,-0.18254788990097337,-0.28008735272072316,0.14610332314699753,0
2.2399780712004995,1.8848417796298846,0.4387499762010835,0.8325581275181126,0.01878426027844946,-0.5791824892211365,-0.6450863486623467,0.6097593072115425,0.04534327306665632,0.1732830914344925,0
-3.0715752603522524,1.3595160481053938,1.364686790271753,0.5368709859270249,-0.25202143011947414,-0.6913442342128819,0.33699733298033824,0.18517155490504233,0.18915796602312301,0.09264359097676053,1
-2.4982580165521275,-0.6504694456056983,0.3568534926254695,0.11198070232465503,0.28543919077588437,-0.5274321472555196,-0.3985821404900801,-0.4047278554360943,0.02591853723099592,0.03465982079273405,1
-2.1285201119134523,-1.0296509180053341,-0.5887423703925263,-0.2348409346180521,0.21329857814191253,-0.6924628548690238,-0.39624793069339936,-0.05888317044991841,0.13201455273340548,-0.10915391018400486,1
6.772839845177931,-3.0494998135246507,0.9012595598024264,-0.5931903303424872,-0.19342046822508133,-0.029255890665532407,0.4615181478114498,-0.24290335493416054,-0.44192095895122463,0.1837043212730515,0
0.47078207873937367,1.541068324628063,-0.832763146901036,-0.5978335945845819,0.6833247619331378,0.13413499551412128,0.9126128812276257,0.2809474883071404,-0.10518670585310662,0.20079439964017964,0
-1.6601389634394794,-0.23993495138279974,-0.35269071080104575,-0.05244873406038876,0.07311373916987891,0.15325076860579076,0.09898797705078197,-0.22867875084370906,-0.1122621186949778,0.12881732449438923,1
3.948555205571559,-1.8604842207368746,1.676964576902507,-1.2064411547369986,-0.1371980396686702,-0.7138351897415675,-0.2246602116714002,-0.48894175032172027,-0.5571121396865231,-0.005692809236127447,0
-0.5366034484204262,-0.47915044227832077,-0.3351770542978018,-2.2785541562246414,0.16647452725519832,-0.5744244272441478,-0.6564294341389973,0.6041256499000877,0.12742265490508178,-0.005826406579572408,1
-1.2240459234090102,0.2075767973516102,-0.19665044223661837,0.12813815568104717,-0.016430302944211325,0.04734255006345872,0.08190173481870679,0.22628076052862442,-0.20500398976810114,-0.15553782381599196,1
-1.455623111910042,0.8274368760073472,1.2029501537163505,0.49988162189289087,-0.07623244302358824,-0.7453777919055098,0.334695419558049,0.1766216440572345,0.12239195094436477,-0.2333920492944507,1
0.5530365644800767,3.4567350201985847,-0.7956982365714809,-0.5039589201336782,0.17146066106652885,0.5339852661998366,-0.38859473416797086,-0.004685990146438763,-0.2670158275278755,0.09124977388709549,1
-1.758128033876313,0.7594621156371613,-0.3570461250263755,-0.05682408583097462,-0.9435193009717289,-0.04475951844340156,-0.23355277978677003,-0.27422890930406907,-0.04552197490776828,-0.1818248292710362,1
5.962742267143867,-1.0500916553057278,0.5787015088081301,-0.8034177267435073,-1.4267747095353667,-0.0531453856732875,0.07134326239408932,0.02063268864810716,0.5169939727316152,0.29233627870773304,0
1.2430198577199947,-0.22153126725548972,0.6802000111199878,0.329990813121241,0.04857397971944802,0.06585085201060448,-0.9834522595520713,-0.3302313511006746,-0.07339156618048302,-0.10702561844949574,0
5.852665653646778,0.44345249615247945,-0.5673685861883629,1.0165390422246292,-1.2044908455175927,0.7234464634459151,-0.037613981823660325,-0.3397750367231571,0.569685525627864,0.08142291290542451,0
-0.7526653798617207,1.1300739343427073,0.6335497346329347,0.7004174410781934,0.047810159765463454,0.24529225345528677,0.1454586356785903,0.0457860607913895,0.12500870148667367,0.4200727621733705,1
1.7082497797007357,0.37335391262656964,0.3026320232075669,-1.6405178871299904,0.07444697786820503,0.73505052827111,-0.40480247383321144,0.37952654400268865,-0.22014563260160716,0.3160425267318957,1
0.0035950466157771608,-1.2114215669624178,0.3640053126013023,1.0913918852395565,0.11664977563512893,0.18288158540865398,0.21078838271070363,0.6056387198913307,-0.0848855325665962,-0.09525207684690212,1
1.0506414617111777,-0.24463506675155036,-0.48066897865041563,0.741469771337326,0.8620356055940142,-0.2381133604720972,-1.0185214734683088,0.13100821651235597,0.2016481577987132,0.2360194979737199,0
-0.5470703079393265,-2.1245375130617083,-0.09880942037401699,-0.5408893954925834,0.5123718095112195,0.11387445079744443,0.19744581267278036,-0.6502846349886646,-0.38728763627390295,0.3910625291360476,1
-0.820024473334823,-0.5875114203370749,-0.11739863546426806,0.22432476396109624,-0.0919997352243483,-0.4108143091209365,-0.2904858459400881,0.11492812685784146,-0.4464678963878817,-0.17254660931329774,1
3.4394290397159004,1.4707449977771736,0.33118062166313855,-0.6730718120578969,1.026414654225449,-0.0036202285899453257,-0.7613591884704702,-0.4240049879789512,-0.5813902007423652,0.027890304997174778,0
7.282600174204149,-1.129489683529817,0.5245518041272297,0.1860475360317703,-1.0917473212903583,0.8922787063984202,0.11609921241966768,0.24503342901020875,0.28749250904833434,-0.28944178667939247,0
-1.9638682917631813,-1.1252947228475914,0.4859129744046579,-0.5009170828008823,0.5523727223264671,-0.007312205486945305,0.06098849976407813,0.2858872016862331,0.13777698447569134,0.24765413283499116,1
-3.273421723628837,-0.3506647903924685,1.4512443321290318,-0.029678679305581462,0.709147456457363,-0.4973282530470225,1.0726244307407307,0.10063023214759563,0.367964017575895,0.08253773381562714,1
-2.078104800712406,0.7787961902395192,-0.6186303366435397,-1.1369603784909665,-0.02579256307022387,-0.36230170060556505,0.21208730566856315,-0.13612969313133438,0.1999323279561292,0.0765148245368895,1
1.0101670374291205,1.239458612907706,-0.1495840667204714,0.5587556571907923,0.5498553977556602,-0.18294582388802785,0.23959034339820984,0.027781535295660083,-0.04111855249661047,0.4264801776713575,0
1.0972898589240068,-0.42975833269633384,1.2781925139645383,1.1945250241092418,0.22476531777677697,-0.12156212465572866,-0.18685965061945647,-0.5158451675903163,0.008906116245157391,0.04380336303804612,0
-4.887676844821803,1.3198194600037858,1.1341566027621008,-1.4305147603098063,-0.5660663073765061,-0.6391082454576538,0.5290334926432853,0.25102665067081115,0.35157477665072917,-0.36234720635353723,1
-2.339568785341273,-0.6677737778388902,-0.01759207555042927,1.4305526857598467,-0.24571606332844703,-0.18359272866602241,-0.24858280556087164,-0.3028013858605751,0.22219348057212465,0.3192850681837105,1
-2.555129943066325,1.7156809687620618,0.579995722336515,0.1528906398891606,0.5945147978068038,-0.6283690690105126,-0.24599120181560502,-0.26044491500021333,-0.08384852393244659,-0.11868422050992677,1
-2.538234120014474,-0.19024013648271137,1.1378451424482228,-0.3265901346879009,-0.1606024136646267,0.2942959754162104,-0.1642367190215856,0.2644086000444313,-0.0013031352523648033,-0.31319222142149084,1
-0.9733516956302362,1.7719065959369429,0.7084728515607894,-0.05110329347683142,0.22640645820443428,-0.8267764535575322,0.10547133531665913,-0.1964204321927947,-0.2578962932075742,0.02803445479622019,1
-2.2492712298208235,0.2911025054817213,-0.7911161918138546,0.9553350231928353,-0.3292665543285604,0.1453415080016382,-0.36309980083091326,-0.15636607724372342,-0.13108853718408273,0.0013471864486673563,1
-1.70051317692636,1.4738997708373918,0.5667398059623778,0.6326011820804198,-0.12463407622708139,-1.0367574156729487,0.27620986856968827,-0.49246865787580596,-0.06287115393659108,-0.37199001163884615,1
-2.4579708224609753,0.4707702461383511,1.4461494491734326,-1.1041692392028684,0.299629216960726,-0.3155539283004091,0.21446141758640555,-0.03738500944464065,-0.10638759835858567,-0.16007657607130427,1
-0.561784519365361,0.6199234283124159,0.6260897831642319,-0.03814699415300746,1.4939939351829337,0.06096131563714308,-0.3530930665575768,0.30998855679855875,0.19042180732612865,0.30856343784280255,1
-2.1623823259291113,0.8730308113891684,1.0466975467417312,-0.40514841744626134,1.0175116456358402,0.19093764116394438,0.11385429777792247,0.648416566928132,0.27807133052200744,-0.21047101029967724,1
-3.301405184486507,2.5705805179367602,0.40131340945048855,-0.945418442811976,-0.008736308589546393,-0.7836458680634348,0.43295817579587664,-0.3234001926908385,0.1463033339125342,0.012682397845431476,1
-1.3822761951234963,0.45054655721090936,0.7148113279763902,0.30434456006304333,0.29420347880693054,-0.5810437165866951,0.6306445819563574,0.13086073366524745,-0.26812826938928763,-0.27284259149927187,1
3.4949691698701333,3.162882853672438,-0.0027182386700692934,-0.825013968378608,-0.18475162138557447,-0.5716275847782183,-0.04345051451231451,-0.011342510981244194,-0.10627033467792465,0.06618112067877688,0
5.2920731434845,3.5514879143521942,0.9512628033068267,-0.28278514372154223,0.6093826696057947,-0.18873897734410694,0.712829737706059,-0.48315287916764144,0.5856935399401914,-0.38780623284134874,0
-2.3942932941386226,1.2658931390081232,-1.1904647908006771,-1.2189906860456061,-0.4365454851580647,-0.5405114648915381,0.13807208145789765,-0.32726270537253865,-0.16265339137839968,-0.09475100350271062,1
5.9955149887353905,-1.3486728868433628,0.7150613451301727,-1.3931206764537023,-0.2870811705499004,-0.5513556185898358,0.40021610818412845,-0.10974387629620933,0.367767817788289,-0.008266113811099101,0
0.025695412026121012,0.2305991336906036,-1.408759256191062,-1.4128133361068014,0.15304164925054764,-0.057624831250286786,-0.4472270895212853,0.1013412189063217,0.25883351655265907,0.18514812237277817,1
-1.348576165807619,-0.10459569658448975,-1.2373010215536393,0.33434216294068975,1.3309531567589283,0.5689584435350314,0.08283793045907277,-0.6744836568503902,0.04613417797712294,-0.18425675131896666,1
-1.5089575638509845,-1.1468873747772355,-0.9190089702033464,0.42193818872977107,0.04288529072873647,-0.13769028442164968,0.4785601742480428,0.1817108805530551,-0.16177011101474087,-0.14671516106959046,1
0.31650828676049186,1.1972494437823038,-0.012710411337379683,1.9263721567313,-0.9242321492492812,-0.25121918995202075,-0.21966707310141742,-0.4864095425127624,-0.5194139224006349,-0.0344495906108003,0
5.239255470566268,-2.975135361002186,0.42078608548647756,-0.5127715026884906,-0.49737781401797804,0.7576436469295681,0.24776439312366888,-0.34710188729860836,-0.30441168666151686,-0.14024061239217014,0
1.5472097670858882,0.44200050857616496,-0.20286582202277012,-1.3228469438138601,1.1250340708291129,-0.0011793715529145345,-0.7896735563693631,1.1255135372774678,-0.19513719450667216,0.016509589597029157,1
6.524543230383472,0.5819618161229387,-0.6718966444499852,1.2279995014508407,0.4927254376270723,0.4979890976747192,-0.9466462730991132,0.00421064470593639,1.0472250511225663,-0.5950573338476771,0
-1.638056299949276,1.2559902895019293,-0.6335988906298716,-1.069510726573827,-0.963318408444001,0.1830881787329819,0.24097884026529917,0.5596384246844293,-0.13530601532323933,0.10708837834985038,1
2.9756832203042003,0.2934860109614861,0.1233031531450767,-0.3334893258719099,0.31687599786405213,-0.6799092107804008,-0.43531547377654883,-0.22090683596635613,0.20259501322469087,-0.08844745780614303,0
2.8634492241588974,0.24878235416830694,-0.0144094889719276,0.7059060776194745,-0.7681529224584085,0.07614938269205045,-0.40226591365638753,0.28307271940086154,-0.33850415965485103,-0.2736146492230749,0
0.7597844162318045,-0.6870209986648677,-1.535632648638646,-0.5868595118500223,0.10669673798199539,-0.11835038256651348,-0.3715447578854526,0.24268312161448952,-0.09397843857325344,0.38863553295541725,1
5.1189646690663295,-1.1488498113372632,0.17647590768523033,0.435701272238787,-0.7157607294635824,-0.5667416408843251,0.17660199232098384,-0.25412177972482536,0.08573263794428601,-0.3485114309441143,0
-1.1530980953990486,0.34588626753862783,0.2522223023480306,1.389334831599212,-0.2680962890326003,-0.6882939114316544,0.060437976519423474,-0.2607634115183881,0.2218543937342612,0.08964868094513123,0
-1.4375123903201792,-1.361411014071147,1.2858566738298822,-0.696341917378568,1.1003820726827802,-0.525192962216309,0.4602322089335663,-0.33666040154321286,-0.20026083617503276,0.2844234802125764,1
-2.642032718269081,-0.07141591566792788,-0.608253933994524,-0.1289825175323274,0.12671341913814493,-0.018647566747423395,-0.5665604923997596,-0.20903216030877594,-0.0983151295324777,0.12618113159964547,1
-2.0286233920152066,-0.22197896197489175,0.06150315855222405,-1.5988715997328828,1.1123256477498484,-0.5058829964528225,-0.5103412525850207,0.35208237357254124,-0.30217173566646377,-0.06562635803841646,1
-4.199200611989115,-0.17015548432026817,-0.28130329331858,-1.3484579379075348,-1.0219802097381612,0.08734087856095214,0.2356583265335,0.05093751394606996,0.548530638910059,-0.2663589750656633,1
3.74027452963774,-1.2872155517058508,1.2734737446073254,-1.1572861380965214,-0.17957178450679462,0.11435822784185642,0.45647701709063243,-0.03515583193286215,-0.041403672731720464,-0.08919871254940921,0
-2.0325308710306484,0.24944485083134177,0.5265932279794663,-0.11464272535382465,0.062499155684627404,-0.44635320394642136,0.3010626278176603,0.37135566712443596,-0.2546774436336049,-0.07445579597135779,1
-1.0056424853758914,0.9485581065823122,-0.7566372246312317,-0.2337981971665559,-0.9317611561390396,0.37748451125252547,-0.35538784858420247,0.15180397417197294,-0.18800372904688115,-0.004703737498005176,1
-3.0989947474114494,-0.9816905280460789,0.02879890918760654,-0.48072851384767074,0.33230376916432863,0.23656690177968528,-0.004286309882833795,-0.38503194761593773,-0.08284578990836632,-0.1497021907434517,1
0.28158567793523026,0.49814372094247056,-1.2353255000246313,-0.47670340456072435,0.5467111615955859,0.011060875223610387,-0.41756468464915236,-0.1974927348261634,-0.37317227308675127,0.3482025134886728,1
-1.3046909139770821,-1.2110001380011761,-0.8293379865164109,0.3981392463139872,0.3170312813433143,0.5717167420036382,0.29832826147223895,-0.10373469026750405,-0.1367698451167346,-0.19264634704837913,1
-0.8182480991126485,-0.9796340808462567,0.9582528635244999,-0.12165754179080379,-0.8759734761115903,-0.10441880800412255,-0.6673586209623364,0.3689715744246204,-0.17300183604283614,-0.15656930372405548,1
-3.042040636263775,-0.42643589300113827,-0.48561008754929574,-1.0386938635464402,-0.5078458217034896,-0.47497766021216686,-0.4211029612424439,-0.12506460758649757,0.024627727532894293,-0.09196867502510174,1
-0.41933383124898144,1.330714920453266,-0.5756563868703996,-0.6476551780009938,-1.277716875544535,0.04998474830022644,-0.510036870278042,-0.20662941585257769,0.346169231440017,-0.29810816408968294,1
-1.7843810554904815,0.3701772823772288,-0.2766870341839416,0.3014410387465444,-0.5177916989036803,0.23789846559222208,-0.08311288685743073,-0.1476665572351214,0.2087093545762015,0.10249923410351987,1
6.042023958825287,-0.9821837352253804,1.8876283018365623,-1.5314938358426882,1.147908954171688,0.10637892108198771,-0.37105762590169994,0.33344589045972695,-0.049047327221964095,-0.42759453158072264,0
1.6462806129136134,-2.619555345649787,-0.06179002783202865,0.4889133639195555,0.0022125822932604657,0.8413462447188254,-0.041667131340224886,-0.02414619181202615,-0.39478165759630834,-0.0403935851437366,1
-2.6160038395458276,-0.27715400286464154,-0.9961099306693393,-0.6729233620667209,-0.021617068273258898,-0.36577214554760046,0.3220324227083983,-0.09529823972555111,0.16264992624165275,0.17096055744957586,1
-3.1033098896952933,-0.8171771274547392,-0.07982201109301207,-0.9982782433265527,-0.5687949583682266,0.03023286751268702,0.33959656995222465,-0.16258561385827744,0.19793173671500006,0.15716362666455325,1
-0.3034983771057824,0.22883102199045183,1.9935625360850895,-0.7089851342398888,-0.29297019459435814,0.30323422429541874,-0.4839492022634319,0.23450732676949226,-0.1599160726662629,-0.031091269585354988,1
9.253013221102297,0.1789463177463443,-0.11310960647475654,-1.103698666127476,-0.49300969428072716,0.2939466369323738,-0.16447842699777765,-0.8437123463138103,0.7752116367519432,-0.3319504665412944,0
-1.1696224519720066,0.7353568070599787,0.672347926666394,0.5898646662217346,0.8326236463968053,-0.46296174807220175,0.6101164495060567,0.38102783743857577,-0.015865415844907988,-0.12456356961369328,1
-1.172054876486443,-1.6303312074249146,-1.237186469844661,1.1822681571695397,-0.2980300014745053,-0.001953684905704518,-0.2227435167424163,0.2770127190828865,-0.03840053379912991,-0.07797384057841594,1
-3.456292604056389,-0.11314289664376724,-1.0029981270166688,-1.6886424091186536,0.608025791364106,-0.8308860933407229,0.339492274119092,-0.251568042273942,0.021030135088323368,-0.27044966793060965,1
3.547832727990286,-1.7523019721280189,0.5369104806370669,-0.49215301952352924,-0.2461709002885079,0.21900122889480625,0.0641104012159055,-0.07546618160143435,-0.10981168036765247,0.34796913239439603,0
-0.4645842818243048,-1.2891518681933551,-0.9689162053405006,0.14968784321909048,0.18852775671576408,-0.33922344403547644,-0.10107811356017668,0.47284766543126766,-0.3972640884406324,0.09039372412726099,1
-1.9377544276450416,-0.22436356972736451,-0.8790405235051454,-1.1927762921689329,-0.22990100107064262,-0.559253720240397,-0.6099334371611855,-0.0665511218962473,-0.12928659754133187,0.13577845658103582,1
0.9535416303411623,-0.6998336239573997,0.8491297763363121,0.14471103094876678,-0.6160451378125922,-0.5378501583038302,0.1511616692953217,-0.7292196252079779,-0.25731560920828517,0.15253294176167986,0
3.4558740458775428,2.1346118142412545,-1.0044060800007155,-1.9533411327302435,0.6043880531546553,0.13625825492762111,-0.49691706215426307,-0.49936549423892745,0.7625580258141147,0.018831260725095212,0
-3.253152768807124,-0.8752518574325042,-0.2719234015964934,-0.8467145265371195,0.9377382839723839,-0.46599365095537254,0.15822722797064884,0.030384567662882472,0.32883650245759527,-0.019308312435888268,1
-3.3430613021781594,-1.5582136738417829,0.5004440334793584,-0.7811552904312747,-0.5154220372203494,0.2801012124032748,-0.24517565810445033,-0.056859637564250484,-0.07888568074768243,-0.3188661301917242,1
-4.674399551194986,-0.38645724093634287,0.40738513379629876,-0.9821670200144278,-0.1872628241651103,0.11790166248048475,0.22189598127169569,-0.07754709780349786,0.4492357109814793,-0.17134401061846563,1
3.2170490237952434,2.3331808366223976,-0.9052679579850471,0.4308667881005358,1.0206258718921641,0.5336064949727644,-0.5334664422641316,-0.21307906947837957,-0.017142442914470535,0.04953370130988319,0
-2.7834840133188323,-2.3323789428887785,-0.4283677026217973,1.7531314671436544,-0.02968296621822399,0.36557219657246226,-0.012204669484401135,-0.04844720052799066,0.3013633382676442,-0.08129511230163912,1
-2.4273276762413523,-1.7910947373950896,-0.6647508941125784,-0.9508540600240025,0.690756269811922,-0.456961903575086,0.7364857650337598,-0.06189502679295732,0.17110267285393208,0.056977170257479524,1
2.513756782537275,0.553683808739871,-0.3621077722694919,0.9010904694693465,-1.0962331739374152,-0.05174007887591374,0.4919508463777537,-0.19911711716704567,-0.4112010422281984,0.21464067096819353,0
-2.225556135588854,-0.6942157547833885,0.03609987814776466,-0.9824747604594362,1.4200068301398578,0.15649957444109996,0.12591767908260082,-0.2734190215374379,0.07432318503324478,-0.1736796225134318,1
0.7918602401542062,1.2879042759463228,-1.0945982309161622,1.3219079637457463,-0.34918122991478756,0.4175559543258478,0.7662351909935142,0.17359130847665222,0.008990554692958374,-0.13239898787828525,0
-2.7664572111274746,-0.43781135072481747,1.3351070896494628,-1.2275573338553312,-0.9775810095414788,-0.6873887654691366,0.3408298023838328,0.01550343118657493,-0.16953844426528902,-0.32838631950646224,1
2.8532828116499114,-0.645583430257055,-2.341052784391137,1.0684334213587794,-0.6940981211081797,-0.0843261902596564,-0.2621664443574606,-0.15404124975129607,-0.18947844885997547,0.09436625219768864,0
-2.0688865732349697,-0.2383425047767715,-0.14459974544259685,-0.2549346821238414,0.15533117316436557,-0.5456796848781774,-0.4071270844703446,-0.2791123492437693,0.014859135641859813,0.3807357224644731,1
-2.676915983420221,-0.16854521227802993,-0.25547981290393734,0.4357673275743559,-0.9701978425838529,-0.5250265610344442,-0.6424111872226185,0.02790511848319168,0.09014456784212142,-0.2929798790456736,1
-2.1615898046967463,-0.8803627102010163,-0.5363898931534666,-0.2938730363954965,0.28684428403183126,0.30724485734669493,-0.37818526453397316,-0.1247765585415788,-0.2703202426181252,-0.36934646015119976,1
-0.13318135949933765,-2.6731497931374255,2.8088834705436128,-1.0084410580016012,0.5211619244184004,0.8484769600443145,0.1216004848603736,0.1565173534076667,-0.13955912631075076,0.3408225501653628,1
1.42191561382216,3.547903622567421,1.8893036784263677,1.2354119193587179,0.09711155091844353,-0.215927055693064,1.109906532414653,-0.04270026126233814,-0.049160006582815795,-0.1577177139451192,0
2.369755852699237,2.2423774295617744,0.05602009916579392,0.40166847766229863,1.4089708719874774,1.0422169727130364,-1.127079341505169,0.5779338681134938,-0.5573180881594842,0.02654198808792958,0
-1.800226642364506,-0.43483292356373354,-0.8648982888442956,0.12313305581441053,-0.4760291024812618,0.36206676785189934,-0.45624381043928464,-0.2830500686533212,0.07001734345372959,0.12121455148162869,1
2.661632921469709,1.397943294621521,2.4276713072481186,-0.3532078317222308,0.17952500045639724,-0.5141883190193686,-0.18824249013980254,-0.2051696684093369,-0.3685913745637784,0.3088715925310315,0
3.830575896519298,-2.9790899472346988,0.6441937623839684,-0.16316007606670946,0.5005736978966986,0.9496233790024686,0.010861795957275266,0.009977944354393012,0.2847611649859656,-0.3405724053304891,0
5.872102498836842,0.4627860829574393,-0.8551995609414353,1.0131531384340524,-0.28300771825690507,0.834529082213404,1.0016380763172892,0.388718021586962,-1.0314313161295525,-0.21735543482408165,0
-0.8106107491792368,0.2726170677324633,0.6995660632239384,0.13268941358967284,0.04943432212126297,-0.5193977753284649,0.13918466601109125,0.06407599767875682,-0.15785871079588285,0.3664910540073313,1
3.570661286150262,0.08122842191838119,-1.0090520152066096,0.2156069954232143,0.13081758632782417,-0.06100154576133977,-0.13358558633031578,0.11423854626078182,-0.5745336826348667,0.37205157921120274,0
-0.16046047429128926,0.8438710612259317,0.6027207828066495,-0.409651095122486,-0.09906494178319149,-0.018226683161771135,0.004025774744935241,-0.04577068231878982,0.042645450926800284,-0.11336425762995002,1
1.1485829451007863,1.333160046447373,-1.2266066620982108,-0.3135784850138243,-0.7768934658262073,0.06539023680298818,0.6071317346754116,0.024365332965345286,-0.03125492191204064,-0.17755865764330372,0
-3.400646084673922,0.4543935131031396,0.48224258274119314,-0.2774137237281019,-0.44618506465253605,-0.47533978414967815,-0.48295688146404253,0.16300172306611033,0.0005566429479539705,-0.03315243546857968,1
3.1705835786211196,-2.299777918505089,0.5829823045251208,-0.29564876700468984,-1.1164987183474955,0.3892797619428883,-0.30196722075861,0.03298874768080265,0.04074263750038028,0.032173647356975726,0
0.11000153110619684,3.211156519214186,-0.20651731227963543,0.8947205409703911,-0.9180950485509269,1.199012345273563,-0.08567175538539899,0.8137501126716001,0.20903866233045948,-0.12011459861047077,1
-0.07254288950344631,-0.6590373879162164,-2.154990235146563,-0.5169239227837238,0.4344847778733038,-0.09707035391790067,0.4017926715641841,-0.5192317305438358,-0.20430857509613207,-0.15162499350985467,1
-2.134320850545115,0.08561551938320448,-0.05685557288686532,0.36183445037700124,0.1389866273823559,-0.13526397693274195,0.3433280862789571,-0.057846380477680766,-0.07893595643608613,-0.11483376665072878,1
0.9917712262790424,3.03219594368795,-0.5633940684205042,-0.09771265239759068,-0.23837921615705257,0.7001035895443405,0.09028265041873429,0.07303361143307903,-0.1304229719055799,0.08971100435853888,0
-0.9166707416470748,1.5631622515211536,0.4102634570235213,-0.03332651052503346,-0.4155668462449356,0.3231234371812725,-0.4608469315586663,0.005681271561893732,-0.35498281592860986,-0.10627997892329522,1
-2.5094853964993082,-0.39257355419041656,1.1319114208003647,-0.3746966846799685,-0.0776005032472505,1.1436977117114442,-0.20335865277870768,-0.5794401439305238,0.3659058401842803,-0.02043996874641253,1
-1.138007300562211,0.19232398883962895,-1.4348478537677267,-0.7894881521362883,0.4314978535824805,-0.06364947834210578,0.7976851585585271,0.15877432524760776,-0.14646832302841042,-0.17044526081457148,1
-0.37321138972204454,0.8405759783781034,-0.9598170295878807,-1.0211023544368105,-0.029784071267730684,0.19192456032398222,-0.3100554736754852,0.2583810025899678,-0.15936471897464455,-0.3172431252897599,1
-2.9501130061056102,0.8343934952925057,0.5745915082750435,-0.40464931289814865,-0.501322638517624,-0.22524418676939878,0.1230718674510832,0.415040309575208,0.2600955386646715,0.03331971794355269,1
2.7331245382628886,2.4543306666065807,-0.524058839733727,0.5548118881802683,-1.1788831309697125,0.3626608126031071,0.3947529531724303,0.16972186590878724,0.0701762626129309,-0.02975135464864548,0
-1.0178506534065932,-0.6759983636432951,-0.3184523552835688,-0.022239676256923996,-0.009034064480398346,-0.3706853694065956,0.29094808125718963,-0.377859239593183,-0.008258693295982288,0.24551303374173353,1
0.9118953662840112,-1.5043686714376077,0.24665376046372892,-1.7384817543174031,-0.7106524374433596,-0.06165198323816343,-0.6483462555207554,-0.1868912596189854,-0.4990119865906042,0.10632641360825702,1
-3.3960990421885895,0.20510066879585698,-0.11838731349825292,-0.5511938459759795,-0.07966093144751246,-0.37512103581513573,0.3240896519768332,0.3737970954883833,0.1729921241253816,-0.0594619894475098,1
0.4776123717352144,0.6412506993731273,-1.451239244736606,-0.3001790979861356,0.1925811127954215,1.0224969002148803,0.09745597849759695,-0.04491703691643245,-0.6270362156645836,0.09762969174850047,1
-0.796889435039901,1.433289807202111,0.19041145870128473,1.4434298942247368,0.26309994475790216,0.6433013968200214,0.6434381402083545,-0.5393698095145182,-0.022799440422136226,-0.016590225708147336,1
1.805962477664798,4.829333541906374,0.5323534769244403,0.1974773447339692,0.7088811510414436,0.24956187306397268,0.31713002706443094,-0.16069703592890902,0.10547226942887206,-0.14908833250442374,0
3.9047701480428,2.2995517828156147,-1.525772958387048,0.0538832459412965,0.7404825771359197,-0.748335903610711,-0.8431530473537728,0.0019805515665639677,0.052533549795270564,0.4037836772886059,0
-3.115138182254723,-0.4985410872608982,0.41538596120741306,2.458810382924227,-0.2908158566375442,0.7489733577244485,-0.18345877761170912,-0.06470076184651759,0.3115237293144667,-0.17372525502645914,1
6.639465762974153,-1.5476762975498715,-0.2719395528936506,1.9779795436336105,0.5097555718845928,-0.14327697279732496,0.7138429911060841,-0.013835846356902753,0.4991675333359277,-0.18116224039390788,0
-3.665799577718774,0.49016417520450023,0.2401279386789449,-0.7132965434015432,-0.3433644325770679,-0.9106047261858101,0.06311172399928648,-0.24013469855840713,0.31955116969340497,0.16726420512179904,1
-1.0267948057097496,-0.8151756477411073,-0.15093099547319136,1.144125749782331,0.3045807858116673,-0.5867888866493787,0.6028600325731838,0.4073282162639812,-0.20232797146011772,0.11272317251753258,1
6.283845627383121,-3.1198755043849897,0.07928981355153766,-0.08344252506853293,0.14877679380980588,-0.1625578000067336,1.0129994413258874,-0.10791430048542679,-0.4027667094188927,-0.15788760266788737,0
0.4749441247420876,-0.29939135983011916,0.8798006383146013,2.401188424705914,1.7078084903051682,0.25810561940823873,0.04736384399581746,-0.0921369530597425,0.2521913709134666,-0.2215849355872562,1
-0.91310924562248,-0.9896841367984892,-0.5438217227198562,-0.6117743041134195,0.1266161271640603,-0.40748436324426973,-0.4039949896908329,-0.11022254755126155,-0.10056131240987097,0.028878127163709754,1
-3.0443360917071196,-0.9375389722074093,-1.306648997575474,0.19284622925602207,-0.6607275191526001,0.19749292514885727,-0.2083687130743448,-0.10618190771491143,0.33783566620437866,0.014315265843206247,1
-0.3156634934086733,-1.7898123795684264,0.9009465057045124,0.6431253631077815,-0.005557830062135643,0.7803047271812962,-0.3491722766475438,0.06258875536648559,-0.008145004927936957,-0.17919383196878141,1
5.622206726178105,-0.39261131088368056,-0.08978562730392772,0.49881733741662476,0.5073610416914823,-0.2826697406711162,-0.7035964596619282,0.6307069009452396,0.1910798789007408,-0.4592868844579371,0
-2.006355819195139,-0.42104814156751524,-0.9157719117238673,0.9410288519221486,-0.2121041390139578,0.2075850444275939,-0.08108213198485568,-0.48860431496486134,0.26798438246793455,-0.2952826677890012,1
-2.307021693190356,0.9511335442396368,1.3208188691456837,1.5139340828541543,-1.0767541934217963,-0.599464022437864,-0.25674434081568503,0.2587687171820074,0.18433232416727255,-0.09387779448827031,1
-2.0581519698077577,0.35127067600605794,-0.13915286026920445,-0.6596333393875288,0.13245079245873545,-0.42679614222253637,-0.1637870377604764,-0.19367331524417097,-0.008247501000309153,0.11793476281544144,1
-1.9140712763097627,-1.0665160957471433,0.8757901249756446,-0.41563086665302423,-0.24884077485119874,0.05401887450898108,-0.4502343141666413,-0.09466682795823296,-0.19773845528825545,0.1158139813310912,1
2.89423877152402,0.30747346013705573,-1.6346219130469783,0.16102261511872223,-0.1677289109630845,-0.465505270289334,-0.4575246297051306,-0.010120545195270258,0.2967317692666863,0.4770046595531182,0
6.713143993179509,-0.43354184393950235,-0.8418714377565067,-0.3317106989944733,-0.9638220413015832,-0.3466513126508681,0.659220284119499,-0.2099751729523572,0.1206643280328552,-0.0036935207351136965,0
1.1283623134411223,0.9231124508562981,-0.0009345117697836916,-0.7719298473889745,0.016501695452280217,-0.11934511155062026,-0.38664042797553444,0.012541805192590903,-0.49688632980393865,-0.26233454643183673,0
6.084188268545379,-0.3308245590171045,-1.1130867443410588,2.421767986220788,-0.471418326766774,-0.9529488621228346,0.03659734012889572,0.24630749773384167,0.35004804163319936,-0.14159533232836485,0
1.8781453173803586,-2.2479113294941033,-0.35858009076153324,1.4067954108965726,-0.34518486721272595,-0.5643296281878237,0.5674873651173923,0.32080884049016306,-0.3330023044482889,-0.22465599522605048,0
5.342705719327183,-1.9597645127675851,2.2513717256491033,-1.0258523130981585,-0.3417107137038842,0.937361654434273,-0.004201573774388671,0.3995979785291024,-0.44379102857603026,0.2782428062095824,0
0.2097728194318636,-1.1082535090791448,-1.2000263231417037,1.5121127293516379,-0.25286713520056414,0.0743257049502772,0.12535990567867972,-0.2721322383373192,-0.12303701874577724,0.02211306088468787,0
3.737137086346647,-0.09173249491838245,-0.6460681575380556,0.8033037480881452,-0.749427252359655,-0.8660780618337717,-0.07361128668396373,-0.3892798099940331,-0.3872491862149612,0.256594814094299,0
-1.4021511135835045,0.3741689063398517,1.601208646628498,-0.8319461212130981,0.1975991307791913,0.8139296614088316,-0.570401886146306,0.07965164790157431,-0.4815475166352107,-0.09101669631107921,1
-0.7685617676481518,-1.106040925777814,0.4927711335973035,0.9238360498570928,0.38302865459982005,0.5948245369072563,-0.009611195813994066,0.16264791751759478,-0.20619413505563147,-0.014629757347148007,1
-1.6035788044411954,0.10011467978181615,-0.542026661369951,0.050743035792951134,-1.3289398047097931,0.28597379560595165,-0.5956924370539588,-0.16261115550120633,-0.034812589035286334,-0.34697787976848415,1
-1.6580436207549232,1.2685756584929464,1.0341307449158483,-0.1658748038235981,0.8680513655644486,0.30304341728551654,-0.1980055285659955,0.13349630972812063,-0.003337293222232843,-0.293272905050752,1
-2.3862147047745084,-2.125014222112434,-1.7565877375700463,0.739682807159216,-0.20230983349892293,0.3684928832762891,0.008812363753445667,0.02541078037751948,0.2775186778449587,-0.036568964063571414,1
-2.6747720379146576,0.4384082530465195,-0.7718439730535497,-1.0347129852499424,-0.009654053109812821,-0.340033281935193,-0.07618603887166592,0.0011323734377462933,0.1362187711205031,0.11029334149082519,1
-3.4121181293958007,0.23047912478465638,0.6249046954661501,-0.792506526520613,-0.533838325338529,-0.7032369685350833,0.14561776436228122,-0.06538950607281845,0.23325483417451487,0.10812848868364658,1
2.932073663638018,-1.4751408845767093,-0.2649087860081831,1.6786480429445083,-0.16420701593302425,-0.6358600072284804,0.8538900352360667,0.25329897016445957,0.06150580746381026,0.1076140104235605,0
-0.5568695574824398,-1.60696791982481,2.0905018910187105,-1.8723017880750075,0.7609935221092554,-0.655726830735334,-1.00638261789748,0.04700073555652054,-0.005948067470803701,0.5010369444628682,1
-3.260391851899205,-1.1219739337616024,-0.24139535696540598,-0.6303514917651551,-0.6624600714359253,-0.34607790578806497,-0.15537770339689086,-0.010922130472065895,-0.07115296819952763,-0.361110195992045,1
2.423277752851163,-2.1807150349170663,-1.7280652955284002,0.8285264004621499,-0.04289933025730483,-0.7126348750026409,-0.5054503746953072,0.09796571792216027,0.03803637502743717,0.06649593982315584,0
-1.527125713571543,-1.8229952499585043,-0.5655023684330744,0.6507322837325367,-0.014004617524190835,-0.09500764349786106,0.09793204123850441,-0.28515717527201906,-0.03728025635302794,-0.02624650152449581,1
-0.9424481472135269,-0.44102367139727233,-0.9411005131084519,-0.20885966091233674,-0.30891164996169845,0.11983146972888903,-0.4978220707853019,0.09407504116414399,-0.15715307560237343,0.24197653820187093,1
7.1665160972068795,0.9500053223865055,0.6835837151021233,0.8685512362875853,-0.14055163656518788,-0.7804944631225852,0.3158764689879039,-0.11265487432200921,0.1739962866456085,-0.4243176630132771,0
-1.3080855595898602,-1.6238883690273196,1.225908498191779,-1.6911751080828403,-0.8597752456102884,0.6764161361846613,-0.4698069353274777,-0.3356215823816759,-0.07558630390980883,0.6548362521673817,1
5.82349442284,0.4729289606322279,-1.4578801906073822,0.21215674130295725,-0.6574960607705722,-0.3105059378523647,-0.6028388597858694,0.06592241053378799,-0.25863274864190416,0.09794913719788986,0
3.135231115023796,2.4688433757332753,-1.1551610368497058,0.00020982687077630732,1.492247309235423,0.7337555997775179,0.03996639910971005,0.2964964849647549,0.2970392682183527,-0.0634142014093753,0
-0.8649020409143775,-0.4137323273145137,-0.4565999335185514,-0.5499312292600588,1.6502751371153452,0.8060281655628936,-0.40167856135461194,-0.6688112082943901,-0.059815256275017076,-0.15100646574094842,1
-2.5025972541921204,-1.8143117693172717,-0.05343046119950614,0.2839776332655705,-0.2937108134352407,0.1345985358041794,0.10773068704681465,0.16735746267980045,0.08769967085197126,-0.30220457516062865,1
-2.6502841693551304,-1.2884980597024631,-1.5651571968773348,-0.4482545625427319,0.27372239161062817,0.4020050475243323,0.1561382559293124,-0.349798164714231,0.16774907433089567,-0.001127025004443118,1
-2.479786378264147,-0.4443908872383336,0.42246930228217217,0.30044996087502773,-0.9117621964060102,0.31500711651980495,-0.6320605556139575,-0.03890884864113314,0.22384147452901698,0.30564762690115943,1
0.5836493520202791,0.5171305259106145,-0.6171112974609388,0.37211749910443404,-0.06915374786368972,0.12244501704254246,0.11095341975678961,0.4043105121606329,-0.33096687429219135,0.47610438847828646,1
-1.2226455498258824,1.4244954370566145,-0.756370974110426,-0.4567032995025336,-0.7294317165573027,-0.23546102584388104,0.15648592917926146,0.11131104262216368,0.551977238617191,0.045449737829643164,1
-2.2031159538055176,0.24925949950356313,-0.3042303267778624,0.3262634778204519,-0.6767396917593086,-0.4060079950505902,-0.4704248506604409,-0.17500963260024804,-0.2246967462826462,0.1077672429890875,1
-2.32625158587409,-0.5624130959492977,-1.0965512295652855,-0.6086871092348313,0.26849888035391484,-0.42346910384105274,0.023797182365187186,0.4091784054072151,-0.38097353503555015,-0.1490848833533864,1
-1.8057063790705352,-1.1209109340143086,-1.3278366094823477,-0.6052692931476635,-0.5606963398516078,-0.05789857362808788,-0.06894773670517512,0.3489192355624751,-0.06819746721533765,-0.021302670732217914,1
-3.8199353514651895,-1.3526353815334073,-0.8455437222456099,-0.9080775933547399,0.5611311902204091,0.40904307043546473,-0.08259153528634587,-0.15805987980883263,0.2187010491983765,0.08575196263916113,1
-0.7988014463262301,-2.115710423358077,2.2738870166608107,-1.231770391363503,0.6943625060830674,-0.02531510699027659,0.17029202458223724,-0.1817207575427321,-0.12451527577108425,0.483230601618286,0
-0.8384517403162169,-0.9552010360574248,-0.9956706974273052,0.7611077228544098,-0.16020948571205243,0.7844693551921997,0.5885748965860949,-0.16401107329958023,-0.11800316665192204,0.10004810361518275,1
-3.0002266791410914,-0.9378343472791286,1.2281190440881207,0.3652557886379421,0.648701265794716,-0.011291959330868727,-0.3119840748662075,0.2460658178334028,0.10749551665297301,-0.12486687048446027,1
-0.9838649717133485,-0.21406221709146878,0.5970515403546176,-0.1606416153751327,0.4560468968709853,0.8930680777779934,-0.25597032055405977,0.14682837810425856,0.051877998742592704,-0.08032946639107569,1
-3.38890188204004,0.22856639283142463,0.0678796329935807,0.266050819516599,0.5896862807892189,-0.8930709234575867,0.12683958935294717,0.048704691857444096,0.17655458157516912,0.011710922451965564,1
-2.0756812018297146,-0.5952293013336408,0.5698189303647998,-0.3804914713491139,0.6968139916546965,0.3149357064733076,0.28520092085202897,-0.020355398797338716,-0.2089598960253981,-0.09338638423893587,1
-2.325843762295583,-0.638353114913884,0.8482179852406947,1.4982583507475007,-0.7868253216716391,0.8560699003526042,-0.6184081886369399,0.15611488922074093,0.09915931547783466,0.10622263881007878,1
-2.265870888027627,-0.7582326498137861,-0.982868515587308,0.02458585215601027,-0.44437637889226916,0.17591827346435673,0.9170515512171722,0.4302902087980304,0.267443054367662,-0.1608589250269602,1
-4.601241397377889,-0.4106124459804649,0.0920028866676438,-0.49726124544608,-0.7031499940168437,0.6006881990176853,-0.05271430761322082,-0.2514850513350468,0.7509256058846081,0.1589666866996861,1
-2.2837058483243626,-2.3724885112988114,-1.3444172559742749,-0.46697011945851635,-0.07552811581816482,0.3336190510734986,0.30619230647392576,-0.07149493271128284,0.03904422586252843,-0.134031979707599,1
-1.6912309336429943,-2.4772744109412317,-0.08372259555466403,-1.009583094245427,0.11679845309889285,0.11129925748642328,0.523735562901747,-0.1459044678002928,-0.06714234575702732,0.020539389976404268,1
-2.7538305364787696,-0.022381009822959017,-0.2501072012745627,0.7427251107354035,-1.3059320849645548,0.024601259048075006,-0.618717857969262,0.08569926162465555,0.14857745848279105,-0.012207839413815091,1
-0.9223141408986759,-2.443331844001496,-0.8937329700342692,0.026316776417314416,-0.4363074665494493,-0.00145989857460918,-0.07055574477397335,-0.11665369816356205,-0.11836161789757135,0.05443494152354996,1
-1.1938085776546443,-0.21719222744792796,-0.4225850634418171,-1.2273134392959004,0.22970771023615907,0.40411453449210394,0.40137295060708544,-0.08302121379994012,-0.1589337997238051,0.04964827852165957,1
-3.156626020944052,-0.030956957899020126,-1.4179314447607023,-1.1647527176505807,-1.0973768746855632,0.72162102499208,-0.27396265444611534,0.02081285105471217,0.061846078664577746,-0.1276554529040614,1
-3.068930924307512,-1.7992625865952423,-0.9087239915368759,0.2041430820136239,0.5527776854044439,-0.43341187155556193,0.1713847171674546,-0.001649104584158637,0.011984603050919524,-0.20769043690635608,1
-3.123506232049846,-1.8839830018789727,-0.8581542472483839,-0.5029214352714363,0.0800005190877166,0.13017497873440842,-0.09995116261173108,-0.2159849520134,0.09208822236286111,-0.2314164816895255,1
4.118589697052584,-0.2690933795999367,-1.365124089480151,0.18761139252599282,0.04178539547399834,-0.5430804571347412,0.21942462338044283,-0.052121347116043534,0.07142816244046084,0.06549807556594087,0
-2.3044040349886044,-2.701598858373264,0.38429361782824917,-0.420154809660677,0.6939193600678814,0.47741226172023327,-0.009446690211262213,-0.18574846713429075,0.12919207082278544,0.11248672334242876,1
-2.00728831396622,1.4426949102839046,0.7057322905013305,-1.091258213279586,0.6495966769145264,-0.018621204854149108,0.26636356596239197,0.14173125043404125,0.44866295578726884,0.09829943023954837,1
5.41851135510767,-3.0216366005531388,-0.8241259512312523,-0.12258214885774542,-0.6991835542659387,0.22126561836028646,-0.44750686899739267,0.10322296528309714,0.33074707967889,-0.07846979859590285,0
-1.3316509913975858,0.7000172368516839,-0.8049812711441041,-0.7121815324388072,0.47124895504887326,-0.8665593270360217,0.4548738574350074,0.04391125313553764,-0.3347494337494968,0.19617081981175327,1
-1.8994853059236179,-0.21137347353393643,-0.28797691045699336,-0.4354310292001436,-0.1558725373378229,0.05637114888440917,0.41681834642573307,-0.006323470338065515,-0.20411516331792595,-0.05587927866066975,1
-1.944736009537634,-0.38554117309008523,-0.47613072743059665,-0.09998438500483124,-0.1447537306815432,-0.5998602750505799,-0.2695160740092903,0.26016650703136573,-0.12475273757467578,-0.3330084465399458,1
-1.3319719925119338,-1.4348514861900576,-1.2307794559351792,-0.6869054779603502,0.2971360261340974,-0.7098729657331208,0.5150410406258054,0.11866744781553844,-0.04840618460176105,-0.029477516186603128,1
-2.9161449224814526,-1.5591799982124168,-0.2405783297540007,0.2577279754751788,0.24837688023827076,0.09881861319180292,0.4165119412852345,0.04549573028900832,0.18174187046599083,0.012867881095058792,1
3.347496619349752,0.7440458377589584,0.09489405735009124,0.20736964682491216,0.08892371658106879,-0.5867799975753412,-0.5620010000053074,0.13014417111169524,-0.02792184204254931,0.022283724100020767,0
2.73836253320404,1.6185979150096363,-1.253978893812189,-0.5651481577692765,0.4464555568698393,0.36750984893318395,0.028645509008798458,-0.2993807631751208,-0.5768206963586651,0.12952896526181157,0
-0.30913396734958265,1.5486401681306396,-0.08689077357092866,-0.13548187052921545,-0.6206850203937416,0.9820024173749279,-0.12234830309416822,0.0715773775030091,-0.1608062544299765,-0.25699923544511144,1
-3.113704176725482,-0.7607753794569304,-0.23435130878155494,-0.2590236748561411,-0.682774915248212,0.0405725505705634,0.27272110346002804,0.057429552069114084,0.1044930835309368,-0.11442468987386366,1
-2.6524124219073895,-0.7829419738445599,-0.23301163691710944,0.9203005644775846,-0.2686891282474272,-0.4253431211681898,0.217527437352783,0.07486185146238754,0.11865049400645503,-0.0018689303006195217,1
5.762620043096612,-1.4747773370266797,2.2887692826414994,-0.7867482134227873,0.3470995366454869,-0.489929613194251,-0.23915814718862086,-0.5821507741047446,-0.010358572769232768,0.5630092558079325,0
-1.9343221089948663,0.5171872491793562,-1.2390644039395118,-0.6102458708327169,0.535991957100277,0.48312270395855494,1.1083841964439167,0.5406400188373865,0.663590649299493,-0.09777308056000915,1
7.073165468379629,0.361297487345491,0.5597271996472782,0.18776087198261843,-1.3699847341085483,0.36313152184273945,1.3308362431972094,-0.19330991445178333,-0.6122375335358835,-0.26926402763447205,0
-2.8787653796726027,0.4454152995984157,0.7826683658197156,-0.0876997093133923,-0.323987964564905,-0.41800800869438265,-0.24782611601096063,-0.05344723463035419,-0.04214875721499903,0.027917393983337067,1
1.0450582709252847,0.8304634699661436,-0.4858655918148898,-0.5494316727020989,0.007467871313339796,0.6115662005139262,0.15147909828706535,-0.2147333449464261,-0.38967470427974465,-0.010294927702332972,1
-2.4814486719698143,2.3234922540570735,0.19584318093632566,-0.29773682691903514,0.44907536584244606,1.0128490694940564,0.11145481471493794,-0.8678454035656388,0.29420230979747525,-0.3347435867852663,1
-2.2315959981330047,1.705812526507955,-0.4910670772153338,-0.6437895122330719,-0.4194989050182216,0.021808660985751568,-0.2248118798663653,-0.04858136612187412,0.23942702116658918,0.1759752367764478,1
6.930920185746862,-0.12325045734201451,0.24297904975491105,0.3750169493908029,-0.9666126340704918,0.9253924353313522,-1.1414783938956294,-0.062232492873581485,0.08100650401133516,0.7041662935595685,0
-1.7424056572053903,-0.08885819692364219,0.3157789618923971,-1.1556682640297153,-0.18913554294612883,-0.6292324235565252,-0.13223728719273836,0.0840858975601937,0.08727107837465095,0.10113047533939006,1
-2.210348258944185,-0.2105754386182319,0.12147737606780835,0.4886423753403377,-0.6472239431906943,-0.22295138002878528,0.43566099044189854,0.24433913367250454,0.06815773202535354,0.00996066082569696,1
0.41776331111215653,-0.3379662564474727,-0.9375238153838246,-0.7847699070982899,-0.6381733827394132,0.3227771196147581,0.2336055799176997,-0.042751829942781996,-0.13830493726461907,0.3484339294809394,1
-2.6779655422708424,0.6623266409079087,-0.4177449417806501,-0.34432531792451343,-0.42102129726830334,-0.9220618824864075,0.3047395927186386,0.1386528005391966,0.43752759936775726,0.02563382872665956,1
-1.766680319317146,-0.08217417356733815,0.3657972672096268,-1.2771959631591054,-0.584581316563616,0.3293276889049456,-0.14741210411870484,0.9164459625426987,-0.41665409770964523,-0.3284075394271725,1
-2.3897722581399865,-1.6086005339996068,0.3384195754810193,-0.4646373902792881,-0.5036530669322912,0.4352753508100371,-0.015906834296037297,-0.14025550391240216,0.19925902714110355,0.17051794037684553,1
3.3837505707293554,0.2714527505346047,2.1543576298041542,0.23154716933203526,0.32170125126918014,-0.8659409600553031,0.5064540021076991,-0.3890145463411879,0.2679560856164403,0.06199673646309801,0
-2.1663154542163077,-1.404952600746633,0.7327326362533458,-1.5300772056634753,0.19058780211417367,1.2148210551965943,-0.2117320171212871,-0.35544297222292015,0.040333552575009785,0.04998967649664414,1
-0.6975285552782561,-0.4675729098835265,0.6291923081102734,-0.42642622340554015,1.4629714919577301,0.5376720034772378,-0.5574119906986283,-0.14867474235111616,-0.0667308292859095,0.04026545950702247,1
-0.14965400112462782,1.1782546064324764,0.17183557196312407,-0.2387449501093568,0.23538815904218713,0.31058416968210545,-0.7195072664522126,0.34172393474960383,-0.07988655786496086,0.2092102532313804,1
-1.4578109115109856,-1.3450319906796395,-0.6497814809033459,0.29659233031775484,0.020564456933670358,-0.26312053598095564,0.33574314429754676,0.17409316153866344,0.005612931206990078,0.14573726085072153,1
-2.6022295393774337,-0.8959364928971107,2.276371562984999,-1.9809369915946746,0.5918628723862492,0.9965878456847056,-0.3318956963561103,-0.2913775379162914,-0.06309812925231541,0.34772805587892985,1
-2.238112543058888,-0.455568734626854,2.1570765190694994,-0.8553915677681416,0.07669931578964057,-0.2119025648675,0.3859595363673182,-0.3937380548394758,0.0018277700316893016,0.1516256417364785,1
-2.315842062487747,-2.6998431131325904,0.23262760719234107,-0.06867677477045082,-0.004417998622308819,0.2627926402423197,-0.06615181613037356,-0.15471593806976985,-0.09695985968576731,-0.1351196722191206,1
-1.3286334951651253,-0.8565817657199484,0.12271711688066017,1.036268457708067,0.0033937608053658925,0.11318113984646287,-0.26581877143656285,0.11497624878442074,-0.18614121403278233,-0.08566479871855819,1
-1.7171672704829355,-0.08044584406085754,-0.2659031051649962,0.48570578148956467,-0.1161609470391032,-0.2115211033368047,-0.11289525064741616,0.18412922355075956,-0.3092511445605536,-0.0730659481495632,1
1.1408424918809366,-1.388371233131363,-0.9013307628610119,0.3456641226246265,0.24041413866899108,-0.6927580484223216,-0.09952121099823835,0.3276177494553585,-0.28938621825627975,-0.16347580612702575,1
-1.8255774240450695,-0.3284134749454085,-1.2116786096200427,0.3519093537264848,-0.2933159640424425,-0.06406159188910171,0.2416654386142258,0.015263651283641167,-0.01159051123872477,-0.10493994839737514,1
6.143668400868645,-2.3310908484168276,-0.6689907245498907,0.2627238921359306,-0.10437895041204084,-0.502118788151223,0.29430888653870946,0.3937343907026044,-0.4186787224968066,0.024169826164897205,0
-1.3331973383571398,0.4769891648206495,-0.15418961625241764,0.08726462477733077,-0.6933963956907481,-0.032899067529008445,-0.3030747801146856,-0.3301418737909071,-0.3310956163416336,-0.1825027291940638,1
-0.8589228819571182,-1.129592443708165,-2.1317223241303944,-0.4121112852373395,0.10711504323720956,0.0547995148134709,0.061806467558229376,0.14949730596344066,-0.21216475001792515,-0.12348554864732723,1
5.552193892092426,-0.22016955654532666,-3.129638433069694,-0.06849375818290945,1.007644976803447,0.134999228564246,-0.48303961747435803,0.7234397346065448,0.9410954842788464,0.4651675587593281,0
7.122122403776233,-1.5721135545344178,-1.165540144862504,-0.6261876849860791,-0.07186419517394395,-0.9892071352358368,0.22338013613750565,-0.38382011732321425,-0.3784288360622451,-0.1713781139435482,0
-1.451599508272536,-0.10928165807990613,-1.3159938352176956,0.09715136519162552,-0.9473384320747105,0.6472492004058418,-0.05161128535133243,0.18296317802102002,-0.021264861476616985,-0.013431184202291453,1
0.5787247170719557,0.8063730237444301,-2.1180053562234042,-0.05484175186647223,-0.05471512091846295,0.42339978783557863,-0.034710227767952254,1.1162216892840477,0.15748279152158348,0.11959822711268363,1
-1.5661310575267617,-0.7961839193908423,0.17617294639064823,2.703018043678485,-0.27955702648349473,0.0021926848045820376,0.11273470124166553,0.27825503049202055,-0.023061959953519978,0.0030307801794391435,1
-1.0968317567985497,1.3909089350661814,-1.548713376864689,-0.11811006014549869,-0.7245464565687856,0.601990831750247,0.5089550057223088,0.022308357546433212,0.09493291411349465,0.05873350065433003,1
-1.3301999920343486,2.0871533873985078,-0.19930163429228992,-1.2589303131362288,-0.33275234877331017,-0.46146780101976387,-0.4490167099471181,0.08390367415715992,0.14180818743429807,0.3778034151561912,1
-2.7653848046485514,0.31216592263332793,-0.5824603098976634,-0.2753345641168136,-0.5324628195895745,0.6856758503984084,-0.5565545866502909,-0.19263536768392409,0.0031753385640927267,-0.005903980566327686,1
-1.6153891512883878,1.0006598149343904,-0.15661133137129324,1.2653168897850413,1.634915833100201,1.4649874241229772,0.36009167666614583,-0.07287300397004619,0.1460397713436409,0.31132504282241386,1
-0.6212620108861283,2.201616417225208,-0.01856489084637284,-0.4027250761403239,0.4184658282367442,0.4867918547618089,1.165746745747567,0.2811475728357505,-0.025244803010831582,-0.1326480988787095,1
-1.2833295878660096,0.18500244193888896,-1.3784600829849876,-0.5599052542705966,0.2530856180751651,0.533470435397244,-0.23625052010706754,-0.30267749244731057,-0.4176326383022165,-0.21360308077979137,1
0.6648537625150187,-0.7195038412013166,0.6741470976001441,0.92744681571764,0.5186415370536696,-0.48077160898305943,-0.5778802240584883,-0.34935615525024316,-0.0574196361428127,0.42632610253408415,0
-1.483316213255819,0.38961287413874823,-0.4508182030711724,-0.7657750370324049,0.4674674271375033,1.0887775531080544,0.22285087657733524,-0.5572402210032434,0.22777169321276916,0.11856978057662468,1
-1.4866589730020245,-1.8498718590281928,-1.0252579935207367,0.0845471877695096,-0.15395580680832827,0.8272781326111494,0.19504331878510983,-0.14843103129539653,0.03453775146439858,-0.12034049179690601,1
-3.24738537522903,0.47187866873275797,-0.48632197234770264,-1.2656031488894892,-0.36141035367850644,-0.13018884385586438,-0.19545106263813725,0.028748495195540243,-0.07888783248400319,-0.01328024530676372,1
5.3124111765968065,1.65334783541123,1.311887820977236,-0.8941663129927655,0.20925517365308335,-0.1926870526225618,0.19955966149964152,-0.6153535513520904,-0.02521185599711969,0.1284241630338917,0
-1.427719245516092,0.2953451680374354,0.22529170052059527,-0.06465898563918589,-0.3834857034311342,-0.4009447300653711,-0.6031522863623878,0.2190354129104906,-0.19138722496896646,-0.32969217245842064,1
-1.6019078955405162,-1.0741153356504254,-1.287219139976413,0.7593639240877109,0.06444315085166008,-0.03844611348695094,-0.23673054488790188,0.10278654888930919,0.040541021303738545,0.33681552145934435,1
-0.2355696766487722,1.045512246783543,-0.5992103836089985,0.4652174590532783,0.6846453561422132,-0.4114362644444641,-0.6004775784066407,-0.1487364145146815,-0.20735104903407353,0.06988808113615097,1
-0.9302437247559192,-1.105977591989842,0.21632847530858965,-0.4961363429551568,1.3631544968893055,0.7043379662520406,-0.21995697205234152,-0.16250933367613607,0.0427224360810332,0.12255818797417416,1
-2.80119109288067,0.3215464383643068,-0.5254129767126008,-0.3229997312941481,0.06344634133938822,0.5087443058278988,0.8288339777393208,-0.5438216847880564,0.3901111397495239,0.010391637304253638,1
-1.7236591028462482,-0.22046974239111594,0.5089135013137783,-0.2538084300634966,-0.2898564395050117,0.1411316065334027,0.3419964241624712,-0.14945349578673972,0.029198308955530623,-0.060745262626834155,1
-2.1382603126194626,-0.37669873838897117,-0.6821724573008319,-0.9772857543590964,-0.02422284883648688,-0.5784826601830635,0.2247995176437288,-0.5135657287133475,-0.29522849000825624,-0.051550677665807995,1
-1.2403401144295274,-0.3842446978338426,-0.2511467170649552,0.3228816187975665,-0.532777373343968,1.3068940570113063,-0.3348963523650038,0.06093616530511011,-0.23979844290552269,0.008078449255507656,1
-1.8138914454578385,0.5061122368353962,-1.1117056152279359,0.23845976765393287,-0.6659234407280158,0.43604386217441066,-0.31793543785780737,0.21040570893959118,0.07183170142794626,-0.007820602399380693,1
-2.0380929453379575,-2.063042415982463,0.19279663911948963,-1.0550552342883155,0.19845784948009743,0.1379090149944216,-0.28152433353790335,-0.16563517547736364,-0.08927332518260833,0.049809657472244126,1
-1.704208209035987,-0.1865298061084878,1.280587522635993,-0.4293368706728596,0.683251998235229,-0.3551514118037988,0.050424905780022886,-0.20334652699205,-0.2346276478549695,0.19652090164245303,1
0.48338825108195843,-0.777110148672269,-1.9427109213904226,-0.10676412480573276,-0.10159313972048763,-0.08227317234255349,-0.22136770178595902,0.13212270271041834,-0.10473005221274917,0.08667347722047829,1
-0.488266109626132,-0.9624208406299078,1.202871153285637,0.16216360765814622,0.3959853251252035,1.0466718750449584,0.4156133154887426,-0.055035101282161054,0.3546998713249062,-0.22415207835481823,1
4.345129110428659,0.38567582019261115,-0.7526473051440569,0.07614258792390234,0.013970622592126654,-0.23410838655853333,-0.009321003842255135,0.39746281990869387,-0.2718335756559379,0.2511472449576878,0
-1.2218514970648364,-0.11567259287285411,0.40459543087880123,0.2528446597136753,-1.1550261549771537,0.16305338890733906,-0.625815291629719,-0.1613675361471974,-0.22460303969080567,0.24104123927359375,1
-2.158320360835168,0.6525386241614596,0.25642396784888666,1.0504480287475815,-0.5847653124399005,-0.7597271914198108,-0.08193618554038958,-0.4893757742259651,-0.11717730201576804,0.2771873798360935,1
-2.513045996757245,0.5699218755270476,0.007880312163082447,0.11280503672023547,-0.42789882666600637,-0.36433691460921913,-0.2203616980398311,0.09786232476725037,0.09227140420064653,0.1179816547347658,1
-3.8050323645530733,0.7731332774351131,0.5686248789989484,0.9605294914819621,0.6871349446247199,0.5995949499120438,0.570739125926021,-0.29416830651491355,0.5857525607927113,-0.19083967118650697,1
1.010845110246816,0.6805635500847795,-0.15948975646602628,1.1463023276784474,-0.1728131753033867,1.1128267763740767,0.38118075024893106,0.09740434591379021,-0.014900269008026523,0.2790277563634299,1
0.9888382772638205,-1.8222931532262447,1.4531042317989207,2.138741061574799,-1.1318544179267884,0.025282566014450458,-0.4769098636083596,0.0482378147224684,0.13277671172826666,-0.17193847159074796,0
-1.6858599469857185,0.41663847628332457,0.534012931263812,0.49453207789825926,-0.5169461096324777,-0.2976145584160784,-0.31129842757341425,0.26751987182334236,-0.4587856528289352,-0.10380556079633707,1
-1.9434537733944437,0.27233713475936816,-0.9288019828984448,-1.0643276197934706,-0.3150744832220428,-0.12042629740806739,0.836941539202297,0.13122434169498423,0.4178389501081987,0.3635834809975732,1
-2.5427791135840696,-0.3965247600870842,0.923924140810657,0.6717905482348282,-0.6768421423951323,-0.20666629681375093,-0.2068152570598702,0.23684064448866884,-0.06933158263728843,-0.037658870457284666,1
-1.6499531319177165,0.5098205738546177,0.5464754674242035,0.20851194887647304,-0.29367212062107284,0.3840097010345699,-0.03069255778256793,-0.33948931251937137,0.06557617678441761,-0.1862362385359914,1
2.412883824002505,0.7261695204293415,0.7806594374438185,-2.1965849322625557,0.8924175996521402,1.0571815611382946,-0.10267877405811902,0.5868023442779605,-0.3537163464763907,-0.31426674504485413,1
-1.6494464587517033,0.938131745999271,-0.26106747966592675,-0.711379102570695,0.4563889195132321,-0.24367235904082976,-0.8174823426306453,0.09695961817106409,-0.19557057662435073,-0.05926522985245943,1
0.007498720593985803,1.1270784634184852,-0.6841062446688849,0.4267160572892116,0.7605666118541438,0.7673634758557989,-0.10599036320648182,-0.1815600980688151,0.04625286839937716,0.1941953317911554,1
-1.5104740389615119,-0.47188586676958627,3.3681168567414663,-1.682917661415985,-0.90578384190318,0.1764261100697484,-0.03454118472333725,0.3670912297937383,-0.32840164505070385,0.1684684258275986,1
-3.7922006051606876,-0.47940157586161536,0.6452706531159256,0.9777551695048665,0.1351928960206214,-0.12022500745648809,0.476454274462829,0.006538029782953331,0.5215585553400331,0.14694388111673537,1
-1.655507674021178,1.5908810335289933,0.6473060696892271,-1.0727033577058804,0.052390242320928745,0.686990617474173,0.32678391240887844,-0.35178471587321775,-0.11432761251759516,-0.0009826450629780354,1
-1.9794527805242428,0.24577347511853587,1.1910866137220686,0.8602574393879576,-0.41825052899449777,-0.04456048273246972,-0.14639692868020762,-0.4388974556832595,-0.12851154134639223,0.07662548400157704,1
-3.6194240725456917,-0.932349637393792,-0.603711485841887,0.09162795565122438,0.1902644145447871,0.0895149045407405,-0.045910885679240516,-0.12585890189589682,0.44817117233885445,0.13209803237499043,1
-2.091654702036017,-1.9117088341431314,-0.119699193450294,-0.07370484768525211,0.3353646919493618,-0.029142074440037948,-0.06702017354944986,0.005531387424741168,-0.1907285160217461,-0.07699126597100209,1
-1.2722546183171421,1.4137150264443656,-0.13000822466916262,-0.2656278179238698,0.8017639531896521,-0.01927293628876641,0.29950608009826646,0.47187859042236957,-0.06734161307676884,-0.4071621216937443,1
6.010225071525588,0.5809308144872499,-1.574090649013158,-0.03355500017512562,0.6150959121461187,-1.0079240765290955,-1.065852890558356,0.17832224668154104,0.5749906446276235,-0.026507829428671623,0
6.919719811315604,-1.1048258462079998,1.4436871659771036,-0.5583229057047947,-0.15577674276882994,0.07450496991640489,0.30055980878253724,-0.0013706894421355862,0.2567174191340003,-0.485918935102168,0
-0.5737061357259576,-1.1309773689005957,-1.0354028554326908,-0.015358990874715761,0.006840296524557282,-0.23225505952456296,0.03141824211557599,0.24750990653309238,-0.162443246835011,-0.11064779886998334,1
1.0979531081149263,2.664750172900026,-0.6510823743608511,0.706249836348537,0.05819398388155062,-0.4173524942345659,0.34057721107228356,-0.22272070020921297,0.18330604927991354,0.4759210223339008,0
-1.0358770160753694,-0.3881457028919248,0.5135491295194786,-0.017817180921556045,-1.0217239848046524,0.38104160007848387,-0.04795106398982829,0.4901933090531409,-0.13643737672809544,0.07312463584312043,1
-0.44711391776313925,-1.2727142279631165,-0.102100626547916,-0.5388343536674675,-0.3561699383594164,-0.013208893942407776,0.10358071921146192,0.015860503999317172,-0.008366859166722806,0.14180097496418,1
-0.8137418419438301,-1.5469054019966462,0.155115692863757,0.564666799893064,-0.17373574790980503,-0.036505251326323734,0.23413725616119377,0.2885383108201666,-0.12771744176290964,0.13504050050056077,1
-1.5676228040264308,-1.6084460037879071,-1.2123145986343897,-0.07598510503069995,0.5049570196650766,-0.016027286263625276,0.12563258733147584,0.10958940236738848,-0.011799099668140564,0.3087093974857345,1
-0.7935518179873889,2.2767288794312464,0.5337872232699208,-0.30514962014534136,1.1915678358308515,0.5473931048566472,0.17592163287252405,-0.9382133450718649,-0.6480436212859595,0.22114242588200045,1
4.211807310892133,0.04162181351735072,0.491486581459218,1.2837440571963825,0.7001025838957655,-0.14184599256799216,0.34754780771663263,-0.5749520404381323,-0.666742992901728,-0.38941785483939045,0
-1.3693212197712448,-2.140735591765519,-0.4223101210025849,-0.6224144143536677,0.6629476011333054,0.012363172300063015,0.6791364967379299,0.28923967301830317,-0.2356144466115419,-0.293169035214216,1
-3.6889555850390883,-0.9062328606960854,0.08719741459828227,0.30378482689572733,-0.15541432136504119,0.42374265199091815,-0.42731390690673726,-0.06991991053314352,0.4657575145983561,-0.039734970848450187,1
2.9665245474805957,-0.052809727187221746,-2.098425743819382,0.14989652112282367,0.2246829637111869,0.09722817482706696,0.07723572348130338,0.013537915915715718,0.151525150389764,-0.19020362278538114,0
-1.3333853386955163,0.5855651785180999,0.7742689049391013,1.124786878832231,0.5374176255678166,-0.23907854118245273,-0.23491726147789418,0.287932649675065,0.17803734887380088,0.4459860359906413,1
4.896736547539257,1.1621286540128597,-0.23545436558284868,2.1855427613151166,0.5693891397096839,0.05497081963989108,-0.08087719128280242,-0.5610307178015631,0.15941897851643927,-0.06833881155971383,0
-0.3231846439464349,-0.05219662947712869,-1.258325635989553,0.3815283530581586,-1.2773076432683972,0.32794069837261075,-0.40396678770329225,0.31156253049474775,-0.08155811796801231,-0.30576430753598566,1
0.1492098979943967,-0.2227585587661911,-0.724269882868953,0.9072827210814466,0.648531986944172,0.5582404579745105,-0.005551224772112028,-0.6649410133533729,-0.15699494632863012,-0.2637200736247987,1
7.915352430761927,-1.8500679821354065,-0.5264157637682492,0.2650157338808084,0.7492045683346767,-0.6783395172946788,0.3294185957825505,-0.3262067897468088,-0.10315819178976059,0.4279297296619716,0
4.761460367534536,-1.4749285860216474,-0.6314284280143603,1.2302007542620692,0.8795874313997162,-1.3926506908979839,-0.7876153115853993,-0.045653539271397335,0.29890114432646236,-0.4924707934548162,0
-1.8643443918301434,0.278664454474487,0.8860138289080566,2.4903018048606453,0.48647368011627634,-0.06344600040448801,0.21350725422875294,0.000381284457209652,0.18359328134943112,0.0711168829644154,1
-0.09415791329021755,-0.34105646219243624,-1.0032019157271936,-1.0537036498640961,0.3039574674071938,-0.4605560087317476,-0.25298654237898427,0.4185292379905826,0.2799321200285249,0.3603955918815651,1
-1.8281069385855047,0.09281049802414221,-0.9670942030741956,0.2805959225581154,-0.8876561065402025,0.04209075525240121,-0.37915164598109474,-0.2725148017645996,0.07186184956820353,0.16251770955165373,1
-0.510368770747168,-0.878298033749539,1.554272864550472,2.717140438827992,0.5865371613253331,-0.30819341123044786,0.34979984290997196,0.5145210951258883,0.09202818916291462,0.3372938713582401,1
-1.118483321622112,0.5959878031636747,1.7572440581066864,2.167912671791246,0.0705352529996883,-0.2843347303087531,-0.6025939539694626,-0.23614386269403467,-0.1432274716025189,-0.5208021502737877,1
-1.5981616256842137,-0.7090410124607825,0.20971329256064478,2.037025793480857,0.10732283797205658,-0.701137791350895,-0.10858211944737092,0.023165208597172405,0.06344025205977391,-0.12801968192216193,1
-1.6992423871745583,-1.2907940077843496,0.4533138717077222,1.7095868562602359,0.161677427399919,-0.5563469712469185,-0.06348212203706956,0.21252410952941483,-0.2119731029714581,-0.025199028166572598,1
-3.53349222873106,-0.27582955454204805,1.4062742132352255,2.3644928699800034,0.4661374334844222,-0.09557031745041596,-0.11553336216484267,-0.10642952333516761,0.24705285083392706,0.14562443019697582,1
-0.9220993115356981,-1.4295539091377751,-0.04447628560073233,2.238143065667009,0.34409169066475515,0.19192811838499496,-0.0471035085078023,0.09850061958516684,-0.036245370406100874,-0.20128578105402842,1
-2.302295026649266,0.6417217931343931,-0.2561818614808282,0.285223125936459,-0.7062986882973941,-0.0959374371452229,-0.2424796740612036,-0.2232415667025057,0.045099772530532344,-0.01734455913359292,1
-1.3570217997208598,-0.38800464518816,-0.8570035605976043,0.4812600090794483,0.5990224117741839,-0.4796699995695632,-0.022234818943566482,-0.35431313043207513,-0.26819452975695757,0.02703681793375051,1
0.2159431039324893,1.0747055447945442,0.13351380341848693,0.24744711569073274,0.9336369901466082,0.34106780010512633,-0.13650455191807806,-0.6142634697416853,-0.4162597783048588,-0.527312867678364,1
-3.0295495893729365,0.07421698027044443,1.3215264083377507,-0.4100153449607022,-0.8088729748176268,-0.21652268279879938,0.04752982038507253,-0.06489954299870605,0.041719606943495836,-0.2150516160789239,1
-0.06043796907659381,2.073226664710036,1.2212383912324591,-0.9426531854821872,0.8617992215236989,-0.857970259906726,-0.20112251116707097,0.16103362454124942,-0.3570067082339204,0.012761451050062876,1
-2.5613653781661454,0.3973403425348496,1.497074180961039,-0.4087896720196407,-0.6559169875077916,0.41804453097184996,-0.008184972989677847,-0.22771079146353448,0.21894456497944215,0.26574775944188217,1
-0.640213989305498,-1.9797594035592987,3.0290231284567795,0.8834970956592108,0.1913416214408555,0.39124790125486525,-0.11115221224852073,0.1455389586801405,-0.14972151952273982,0.27540252622684325,1
0.2008648847088152,-0.14045535604196113,-1.626980049639455,-0.3018772183057647,0.19851921155816912,0.7966704152735155,0.45612206155310026,-0.2887155897014249,-0.17803360361172677,0.012377009643730825,1
-2.226027182027752,2.32247604375065,-0.5028925166174402,-0.5461033090676036,0.7763054215633514,0.7283003726667356,1.1337634074482204,-0.17676390067521294,-0.07063580616366255,-0.3539552167287751,1
-1.3974245487719057,0.9423911954933164,-1.2655083939842142,-0.16328263636816762,-0.05872593767157724,0.14873496035589592,-0.3350386197366207,-0.42736788162907174,-0.185408486440625,-0.2927285889694321,1
0.617762249340017,-0.007553299033213772,0.025055395760570535,0.464411808152719,0.5331619161291723,0.6753177943943005,0.3341283762146744,0.048615063392988996,-0.888200827005364,0.117230773238038,1
-1.5448471921452807,-0.7791397165739289,-1.3998363613970943,0.4667410566005816,-0.1453010996064412,0.8285127764118343,0.4431626414543439,-0.041574664880349534,-0.006696577023327084,0.044969709441757044,1
-2.1318822845491265,1.1292774476170333,-0.3192534573388089,-0.5296375660336626,-0.1011039553238695,0.10190855591261352,0.2568786411081604,-0.25179011479745134,0.28653301021830324,-0.11491604093950156,1
-1.9412759591196833,-0.023055005677524,-0.08620293898259022,0.5152060824264018,0.40915127621022745,0.13310272616831825,0.3182822885990235,-0.04024315828919993,-0.3302750018507446,-0.17825668499185873,1
-0.5530800816050262,-1.267311198283603,-0.23545857114867258,0.5655097281221148,0.13660744433775793,0.16648339958053807,0.5910340687415057,-0.2723369145880548,0.0555740813813882,0.18251931312116737,1
-0.8629326347435304,1.5105513275557751,-1.4876953721891566,-0.6337579409663054,-0.2723812099413577,-0.022213939544064764,-0.03251147038260394,0.565952654126024,0.23988520130516144,0.3880189607030593,1
-1.0904928729965613,-0.6450652818357053,-0.7199030211569024,0.24257176013818374,0.2586865202495516,-0.18261984926442218,-0.24825251916492014,0.024444938672281095,0.000713715817957223,0.03196691435227072,1
0.6550355344914994,1.2204222843544605,-2.654827617728369,-1.024865131593234,0.9366952356545635,-0.5824395330170852,-0.33859605530641,-0.004199546784113795,-0.15800138733524025,-0.3212852011660762,1
-0.5011291379945514,-0.8419752986438231,-1.2755375923326053,0.6126110651952195,0.26899327729147765,0.04094454229739797,-0.07565911202113472,-0.3374001116713854,-0.2903342644310811,-0.2470301400150345,1
6.99108287411753,0.6488014076551627,-0.6909074508112271,-0.09910034566099526,0.130807359783897,-0.21328519697843232,-0.3682237796500749,-0.46718407948403284,0.6301651487169393,-0.09698988830125879,0
-1.2743776401837992,0.303344351140732,0.6461573957936355,-0.9764218147424261,-0.14141977962757654,-0.6738989925771526,-0.07846080896554943,0.1015036465663754,-0.15738368648012496,0.09673940056813955,1
-1.6994090027894289,0.13606594431992192,0.31353336707459095,1.362983047873275,-0.8224238634112869,0.014274069637785594,0.3313450848817066,0.007281748294616133,0.06164890257094134,0.05429341589521807,1
1.9234961714035042,-3.581075598023614,-1.2275629165678,-0.8474644213588061,0.640577716838536,-0.09161477885755133,0.5143397129674739,0.06949090358977182,-0.19748310759534124,0.0319752349703444,1
5.5909108754143695,-1.684651419944096,1.4253384244034777,-1.0300122796589153,-0.7061084961579471,0.2466142544906688,-0.06616971304464438,0.3916856503100196,-0.022704286859073868,-0.03132680071679236,0
-2.508026323876787,-1.9497090025725174,-0.34940288851538975,-1.0594724494223886,0.10338353374503682,0.4564760231730957,0.34932034941429396,-0.03740850601240442,0.2363164780036181,0.09754003074795403,1
-1.2886212954894898,-1.0367350907900252,0.4112567624404683,0.6974041849028145,-0.331249113213766,0.28488869378294396,0.3609150913105752,0.12538071165153108,-0.11216342530052456,-0.060439468112337295,1
-0.2213237728455857,-0.8179285289958226,-0.788905599618277,1.0050696268613184,0.5889030550903765,-0.4544179503610129,-0.5008499280677745,0.1879679185464214,0.08433292462506249,0.14580745963118216,1
-0.19531954142480396,2.6701722590897563,-0.38590920349150476,-0.327966213149606,0.0997891243638632,0.19743269194989296,0.24197623203323115,0.21442568911819185,-0.07153999134293591,-0.000439272278156567,1
-1.6557124838984605,0.6397431839273591,-0.8456056781605862,0.38887039394923006,-0.3421048557960035,0.12250108234129525,-0.17193530673926172,-0.14242093386364077,-0.3530880159247622,0.06901247170960638,1
6.420748019185538,-1.1587131875124017,0.8950366900591608,-1.6885625371098092,0.4279310181229364,-0.09979970761220149,1.0275659864467532,0.024823295249545053,0.4082977270633785,-0.10232981122962823,0
7.593764421669388,-0.22425836468207563,-0.5011861709057056,0.13101018212240748,1.1912655250293773,-0.33148358499651015,0.167579537207218,0.10051093456006199,0.3960817852923032,-0.13239385173078205,0
0.8111500105934788,-0.4280436524568569,-0.6042355535453271,-0.5969785818326483,1.1691848003774408,0.31980179850188756,0.33608364844705507,0.7224876850065737,0.2515307010783067,0.09860033225010621,1
2.2388358775375505,3.265247197982628,1.5252910429534197,0.23706482005849747,-0.2881425402822348,-0.2022041151049486,0.38563935342695327,0.8622867739011918,0.3949586410963588,-0.03545913555161494,0
-1.3560760684235011,0.8335168263915039,-0.3015614526629212,-0.5074493394085541,-0.41764717128642787,-0.7239796417644907,-0.6246573625907803,0.3466000402546905,-0.11455771179131574,-0.39808309608267456,1
-1.5787987104617764,1.4624493750874823,-0.3956571235515465,0.4401084148664962,0.5854059918082495,-0.061799462338270474,-0.029889730943177113,-0.04658377509093173,0.2482498026804167,-0.6463950410140421,1
0.1657496706190175,-0.8430769409269997,-2.1898912380124513,-0.037637693185318524,0.42743045233909727,-0.9107530305631393,0.07666959047806722,0.092308813069178,0.09730385342616867,0.20610619017972479,1
3.4061360327806525,3.5556969736969557,0.3756051222216094,0.9401959802039046,1.2906307502651824,-0.14101595318825275,-0.3087043122182041,0.044981731139051497,-0.11371376191129234,-0.046952333092536123,0
-1.9748593046571028,1.2083277064572786,-0.7965986038486871,-0.6897163560237216,0.7528564141442882,1.041082770687724,0.5345690889985185,-0.158256545976312,0.41015944483563266,0.18623277944958214,1
-1.093932483631981,-1.693066412593873,-1.5462788422558074,-0.2586882015955359,0.17684825716249536,-0.26893637765872735,-0.15701434570449754,-0.048822560919071036,-0.1294462294726794,0.005182062091094993,1
2.2001338993487876,3.115207764149909,0.6657290446456204,-0.14273201790356374,-0.003719611610366597,0.28990815390039776,-0.1138912719430686,-0.2520496782040325,0.2916078046915871,0.6035681259174854,0
0.5294691427704946,-0.8961158607327367,-0.6279622134698647,-1.1959559678036504,0.19077825587283417,0.12024742046705868,-0.2156090657475089,-0.22699668398032005,-0.0736405468150931,-0.2411575028752399,1
1.0877880125783956,-0.9597432231307904,-0.13521812528098096,0.36002800039091243,0.6106773161954552,-0.21677679554293414,0.03532799265202796,-0.36692283029371375,-0.30575088017303226,-0.07520139077305227,0
-2.1313823601518793,0.4508237486605181,0.1538804714905474,-0.07950762597551407,-0.4052295136440624,-0.6314141375923487,-0.8100949359845789,0.020838684420430804,-0.21963107288859124,-0.2689123210256115,1
5.096044424461687,-0.518830470111626,-0.3094488369423352,-0.15119693043110846,-0.1677653753003384,-0.574511748460575,-0.3205531945802654,0.1254637721089332,0.49861663331177325,-0.35392935984873086,0
5.924575326052657,-0.5096670501109773,-1.091234120367498,0.046088433277329095,0.5664654891556962,-0.25887123775684345,0.7537589332330902,0.29283676850364854,0.16664874798128895,-0.08958703132903718,0
0.3065186417910168,0.784412701259481,0.9448727450267551,-0.8504335535961859,0.6431633832660928,-0.041892813549553286,0.28048264254112226,1.100024273214431,-0.6195761337251382,0.11347240925219558,1
-0.6783288615457154,0.47870980236702426,0.4013156034982035,-0.8253008079825543,-0.462126651938579,-0.2342334038833589,0.15672500634923034,0.5562150692492448,-0.1662719564618455,-0.13861884897899202,1
-3.460303779987612,-0.5833252724403772,-0.15350868490976646,0.9027287514980734,-0.12966773451077587,-0.025721905716948996,0.22490030006639053,0.1404126776356602,0.41340214557929233,0.0147126209881801,1
-0.06166981212381561,0.787879553623231,0.01981170377948412,-0.03485064820862914,0.038947897960207,-0.16059986543845123,0.35500642992781745,0.37601866213117197,-0.17815090915325496,0.25583187788148326,1
-2.8318903209489905,0.9747884692395012,0.6026513752238765,-0.7038020196943013,0.33770089638154305,-0.23213207081416495,0.6073624616208478,0.15913422674145092,-0.07447765693991505,0.17751136822264438,1
-3.77469280189765,2.4275636355838923,0.030552627956343382,-1.2006973739828255,-0.2551643920922548,-0.5845433971815369,0.712191324701064,-0.18339480680017742,0.3134459282381983,0.07557316706409974,1
-0.32420479909808264,1.8488698520897637,-0.7143689433981169,0.311045878882957,-0.8605227972697486,-0.4392062092661734,-0.0786159496785684,0.30738740333769127,-0.6026426871476587,-0.05733566481072722,1
-2.2382905079202122,0.5707052672445606,-1.5652433507954633,-0.4315238306614116,-0.570497456986116,-0.06882809572507873,-0.2596232178588615,-0.27368022070733317,-0.12906334814158088,0.2071437187602638,1
-1.8252730356359337,0.4549102644891104,-0.5623034216020965,-1.248262994586034,-0.12612841281584675,-0.650415682838898,0.021994456310979803,0.16349164289735194,-0.08814713649668063,-0.25145542636381485,1
-0.8261564660984564,-0.07906243447073713,1.2754454720443693,-0.5057027151413076,0.48189786409232527,-0.24136234987736185,-0.1421972303097902,0.05951398094029451,-0.2872312453474161,0.44127883121640527,1
-1.5057019646892047,1.7804279359751922,0.1632416215202017,0.5920683317984219,-0.4695885757661772,-0.2661485712475797,0.1845235653611522,-0.02911273823127254,-0.25451172318304083,-0.3912248012479191,1
-1.2144943438269042,-0.3620553863082054,-1.1875673200390415,-0.001388562026013591,-0.44238559998581756,-0.1866180254516392,0.3638894049848817,0.20382313158425944,-0.116796850377672,0.02938301750603901,1
7.267914746446157,-2.661477282397636,0.7828568772283474,-0.7335745279844457,-0.4653308569774715,0.635872927273829,-0.6894813466074738,0.37501516581583394,0.2393699892325026,-0.13390309502091527,0
-2.472621764063124,1.2093091125108482,-0.12250369011638981,0.24608048621916756,0.9720262867096917,-0.44930854480271953,0.03361132637839635,-0.09555867225089926,-0.22866140221552259,-0.03794801455414261,1
8.013085985674977,-1.0785592685885745,-0.17211396951628793,-0.6388814918662565,0.392421859514093,0.2700992908453165,-0.8282760415859275,0.40387900391751336,0.4741304228936101,0.05508105526046513,0
0.6179005871599522,1.3955161524305515,-0.2661310581494339,1.421262613332839,0.9936268112105346,-0.14343601311799234,-0.7004535711009819,-0.2926062104192573,0.2945771556669657,-0.019209713549203308,0
-0.7110428889830834,2.423793645057084,1.3250845491680978,0.6523187763664452,0.450944477282552,-0.8692254537621606,0.36228460626890974,1.156826132824321,-0.4703627231031475,0.14354720170120147,1
-3.868759180726152,0.5332136738203457,2.8735103670291267,0.5935104826627791,-0.746631844883588,0.2681490138421544,0.7586559552161317,0.27352654857010994,0.875012482225926,0.13039009623647832,1
-1.9891860453746109,0.5004859551838334,-0.0818453061993896,-0.9498415888898526,0.8715907603126616,-0.10963669718267541,0.022822265871254528,0.1322405111326734,-0.0004988139334705269,-0.39228344044593355,1
1.189259855543245,1.992656898384158,0.12360165683785589,1.3363306265743673,0.15656019834758322,0.8436501622794553,0.49585805681202216,0.17365027383847664,-0.17087536722253358,-0.21039839511004413,1
0.05083771959235613,-1.0865316243028638,0.10549802605758651,1.7690306518079602,-0.08375102731818014,0.2027670219812112,-0.17558532790166376,0.1752331646259945,-0.013695434052196302,0.32488994129647014,1
-1.3074516333503965,-0.8640448360379017,0.5295727362963921,2.5492922282521713,0.3427295321983922,-0.03781412053207795,-0.4624264828763907,0.2888348939529912,-0.02233308790023977,0.24195674941458734,1
-0.7367562925835406,-0.2301132121456831,-0.13567296601155687,0.4369779828366532,0.676350651785362,-0.04604707755813486,0.6890664523275117,0.6025575754078119,-0.10646065905625988,-0.190897298848256,1
-0.644788472795205,-1.0066434422546724,0.47586930374685776,0.9940468594880089,-0.16393678457751248,-0.17102204389138284,0.015162429601291048,0.21748839024192232,-0.10051404810139146,-0.09798546947365123,1
-3.5944995191977536,-0.327864196407103,0.14279865167660288,-0.251422317836033,-0.315638312737098,-0.3220985609030293,0.032862053171569046,-0.02478221567363491,0.17844054851750835,-0.21680751779486723,1
-3.0768305448890407,1.6747289297566121,-0.24058084839101262,-0.22495285792539085,0.3042334608994169,-0.3416239458010126,0.3518513321573745,-0.02112562455308605,0.28930019148179587,0.032955352815081745,1
-3.256497354413656,-0.2691314627635944,1.1413880142349213,0.02049756592403905,0.04342303623201418,0.017882704239836393,0.13687716459276225,-0.2626765081998687,0.3199982627098783,0.0589146044684785,1
-1.4838597681849222,-0.6475428204221769,2.539171543072804,0.43019194071137995,-0.7565357266094995,0.46710827069512656,0.10757252725695075,0.16209932024998575,-0.28530892768026356,-0.038641465759804886,1
-3.2096082477957713,-1.5649277868400662,0.9972769200480207,0.4488372952400751,-0.0723355101380304,0.39020533973037735,0.009830973236361446,0.10913628657009421,0.08442969202917117,-0.23446103226486123,1
-2.11875762621902,0.36536978081089017,0.871821937763148,0.7168813402558677,-0.3296386305684416,0.7848391503345177,-0.41352276049229586,0.12810642653946683,0.31307977756796596,0.06348572664961943,1
-1.782283029275792,-0.9718008251270044,0.8247577049662361,2.5752484481364863,0.11746007813359692,-0.5898418015942674,-0.16154150908235826,0.0973528912728734,-0.03061226947042482,-0.03551382524903772,1
-3.524846437822522,-0.4961994721320427,1.4672981178586142,0.22622093432367205,0.42522208523601734,0.2595137413224669,-0.27756094765308276,-0.14266500454189043,0.46669280580160283,-0.08983311236543066,1
-1.3725078601401666,-0.20045618287188452,0.6288406629941602,2.4922279650265886,0.6167554187697384,-0.2577152413909294,-0.20346197568219737,-0.21218827809320115,0.21485972030771594,-0.2730602400342541,1
-2.5341627707821934,0.8785596829614933,1.4401606165278822,1.7870765476852117,1.052238588167677,-0.5837861141512609,-0.10939160524698699,-0.1296246568583307,0.304147847232698,0.0782102843545046,1
-3.499907743706217,-0.5969149015585619,0.7163176154963069,0.00446824126989586,0.44232523223382386,-0.3277635720956628,-0.13050702006325193,0.3482222897570602,-0.18901149470872453,-0.35326492707956736,1
0.30297628494187545,0.3486827830743191,-0.5304907914532018,1.079374189011519,1.5277416821480077,1.0119552725744658,-0.13017976941822473,0.11930085312447616,-0.25404269998486695,-0.2737301938023304,1
0.21156967374220023,-0.22159710380056247,1.0991881902425384,1.4252339042153375,0.9181058509039515,0.009647387385965867,0.3419699518077065,0.7960038170062014,-0.2272664379813127,0.302555299147333,1
7.1854601882300315,-2.9270250171081496,1.5826447377637225,1.1093752691025414,0.17661080705713936,-0.14746986938599455,-0.13108012606946526,0.03230815211734792,0.3930606660333832,0.08617385102646995,0
2.9104843174949075,-0.8405561026849083,0.666448536856722,1.6747825832337628,1.0300121670829931,0.3874597646605431,0.37812474386876854,-0.022736826035516737,-0.3335100198437396,0.03303548636263203,0
-4.074401087829086,-0.9359172345880192,2.5427103640794977,0.7484945556759861,-0.4518808770820864,0.9458511798383399,-0.3038144503172285,-0.13581589503770045,0.33536788820652524,0.11935262481728486,1
